ISO-10303-21;
HEADER;
/* Generated by software containing ST-Developer
 * from STEP Tools, Inc. (www.steptools.com) 
 */

FILE_DESCRIPTION(
/* description */ (''),
/* implementation_level */ '2;1');

FILE_NAME(
/* name */ 'top.step',
/* time_stamp */ '2026-09-23T00:25:07-04:00',
/* author */ (''),
/* organization */ (''),
/* preprocessor_version */ 'ST-DEVELOPER v20.2',
/* originating_system */ 'Autodesk Translation Framework v15.15.0.0',
/* authorisation */ '');

FILE_SCHEMA (('AUTOMOTIVE_DESIGN { 1 0 10303 214 3 1 1 }'));
ENDSEC;

DATA;
#10=MECHANICAL_DESIGN_GEOMETRIC_PRESENTATION_REPRESENTATION('',(#13),#4840);
#11=SHAPE_REPRESENTATION_RELATIONSHIP('SRR','None',#4847,#12);
#12=ADVANCED_BREP_SHAPE_REPRESENTATION('',(#14),#4839);
#13=STYLED_ITEM('',(#4856),#14);
#14=MANIFOLD_SOLID_BREP('top',#2859);
#15=SPHERICAL_SURFACE('',#2974,5.);
#16=SPHERICAL_SURFACE('',#2979,5.);
#17=SPHERICAL_SURFACE('',#2984,5.);
#18=SPHERICAL_SURFACE('',#2989,5.);
#19=CONICAL_SURFACE('',#2890,8.7,0.463647609000806);
#20=TOROIDAL_SURFACE('',#2887,9.81803398874989,1.);
#21=FACE_BOUND('',#432,.T.);
#22=FACE_BOUND('',#433,.T.);
#23=FACE_BOUND('',#434,.T.);
#24=FACE_BOUND('',#440,.T.);
#25=FACE_BOUND('',#456,.T.);
#26=FACE_BOUND('',#458,.T.);
#27=FACE_BOUND('',#461,.T.);
#28=FACE_BOUND('',#462,.T.);
#29=FACE_BOUND('',#464,.T.);
#30=FACE_BOUND('',#465,.T.);
#31=FACE_BOUND('',#466,.T.);
#32=FACE_BOUND('',#467,.T.);
#33=FACE_BOUND('',#468,.T.);
#34=FACE_BOUND('',#469,.T.);
#35=FACE_BOUND('',#470,.T.);
#36=FACE_BOUND('',#471,.T.);
#37=FACE_BOUND('',#472,.T.);
#38=FACE_BOUND('',#473,.T.);
#39=FACE_BOUND('',#474,.T.);
#40=FACE_BOUND('',#475,.T.);
#41=FACE_BOUND('',#596,.T.);
#42=FACE_BOUND('',#597,.T.);
#43=FACE_BOUND('',#598,.T.);
#44=FACE_BOUND('',#599,.T.);
#45=FACE_BOUND('',#600,.T.);
#46=FACE_BOUND('',#601,.T.);
#47=FACE_BOUND('',#602,.T.);
#48=FACE_BOUND('',#603,.T.);
#49=FACE_BOUND('',#604,.T.);
#50=FACE_BOUND('',#605,.T.);
#51=FACE_BOUND('',#606,.T.);
#52=FACE_BOUND('',#607,.T.);
#53=FACE_BOUND('',#608,.T.);
#54=FACE_BOUND('',#609,.T.);
#55=FACE_BOUND('',#610,.T.);
#56=FACE_BOUND('',#611,.T.);
#57=FACE_BOUND('',#612,.T.);
#58=FACE_BOUND('',#616,.T.);
#59=CIRCLE('',#2884,9.81803398874989);
#60=CIRCLE('',#2888,8.92360679774998);
#61=CIRCLE('',#2889,1.);
#62=CIRCLE('',#2891,8.2);
#63=CIRCLE('',#2893,4.);
#64=CIRCLE('',#2899,1.7);
#65=CIRCLE('',#2900,1.7);
#66=CIRCLE('',#2903,1.7);
#67=CIRCLE('',#2904,1.7);
#68=CIRCLE('',#2907,1.7);
#69=CIRCLE('',#2908,1.7);
#70=CIRCLE('',#2910,4.);
#71=CIRCLE('',#2916,2.35);
#72=CIRCLE('',#2918,2.35);
#73=CIRCLE('',#2920,2.34999999999999);
#74=CIRCLE('',#2923,0.499999999999998);
#75=CIRCLE('',#2924,0.499999999999998);
#76=CIRCLE('',#2925,0.5);
#77=CIRCLE('',#2926,0.5);
#78=CIRCLE('',#2927,0.500000000000003);
#79=CIRCLE('',#2928,0.499999999999998);
#80=CIRCLE('',#2929,0.499999999999998);
#81=CIRCLE('',#2930,0.5);
#82=CIRCLE('',#2931,0.499999999999998);
#83=CIRCLE('',#2932,0.499999999999998);
#84=CIRCLE('',#2933,0.499999999999998);
#85=CIRCLE('',#2934,0.5);
#86=CIRCLE('',#2935,0.499999999999998);
#87=CIRCLE('',#2936,0.499999999999998);
#88=CIRCLE('',#2937,0.499999999999998);
#89=CIRCLE('',#2938,0.5);
#90=CIRCLE('',#2939,0.499999999999998);
#91=CIRCLE('',#2940,0.500000000000003);
#92=CIRCLE('',#2941,0.5);
#93=CIRCLE('',#2942,0.499999999999998);
#94=CIRCLE('',#2943,0.500000000000003);
#95=CIRCLE('',#2944,0.500000000000003);
#96=CIRCLE('',#2945,0.499999999999998);
#97=CIRCLE('',#2946,0.499999999999998);
#98=CIRCLE('',#2947,0.499999999999998);
#99=CIRCLE('',#2948,0.500000000000003);
#100=CIRCLE('',#2949,0.499999999999998);
#101=CIRCLE('',#2950,0.499999999999998);
#102=CIRCLE('',#2951,0.499999999999998);
#103=CIRCLE('',#2952,0.500000000000003);
#104=CIRCLE('',#2953,0.499999999999998);
#105=CIRCLE('',#2954,0.499999999999998);
#106=CIRCLE('',#2955,0.499999999999998);
#107=CIRCLE('',#2956,0.499999999999998);
#108=CIRCLE('',#2957,0.5);
#109=CIRCLE('',#2958,0.499999999999998);
#110=CIRCLE('',#2959,0.500000000000003);
#111=CIRCLE('',#2960,0.499999999999998);
#112=CIRCLE('',#2961,0.499999999999998);
#113=CIRCLE('',#2962,0.499999999999998);
#114=CIRCLE('',#2963,0.499999999999998);
#115=CIRCLE('',#2964,0.499999999999998);
#116=CIRCLE('',#2965,0.499999999999998);
#117=CIRCLE('',#2966,0.499999999999998);
#118=CIRCLE('',#2967,0.499999999999998);
#119=CIRCLE('',#2968,0.499999999999998);
#120=CIRCLE('',#2969,0.499999999999998);
#121=CIRCLE('',#2970,0.499999999999998);
#122=CIRCLE('',#2972,5.);
#123=CIRCLE('',#2973,5.);
#124=CIRCLE('',#2975,5.);
#125=CIRCLE('',#2976,5.);
#126=CIRCLE('',#2978,5.);
#127=CIRCLE('',#2980,5.);
#128=CIRCLE('',#2981,5.);
#129=CIRCLE('',#2983,5.);
#130=CIRCLE('',#2985,5.);
#131=CIRCLE('',#2986,5.);
#132=CIRCLE('',#2988,5.);
#133=CIRCLE('',#2990,5.);
#134=CIRCLE('',#2992,2.35);
#135=CIRCLE('',#2994,2.35);
#136=CIRCLE('',#2996,2.34999999999999);
#137=CIRCLE('',#3002,0.499999999999998);
#138=CIRCLE('',#3005,0.499999999999998);
#139=CIRCLE('',#3008,0.5);
#140=CIRCLE('',#3011,0.5);
#141=CIRCLE('',#3014,0.500000000000003);
#142=CIRCLE('',#3017,0.499999999999998);
#143=CIRCLE('',#3020,0.499999999999998);
#144=CIRCLE('',#3023,0.5);
#145=CIRCLE('',#3026,0.499999999999998);
#146=CIRCLE('',#3029,0.499999999999998);
#147=CIRCLE('',#3032,0.499999999999998);
#148=CIRCLE('',#3035,0.5);
#149=CIRCLE('',#3038,0.499999999999998);
#150=CIRCLE('',#3041,0.499999999999998);
#151=CIRCLE('',#3044,0.499999999999998);
#152=CIRCLE('',#3047,0.5);
#153=CIRCLE('',#3050,0.499999999999998);
#154=CIRCLE('',#3053,0.500000000000003);
#155=CIRCLE('',#3056,0.5);
#156=CIRCLE('',#3059,0.499999999999998);
#157=CIRCLE('',#3062,0.500000000000003);
#158=CIRCLE('',#3065,0.500000000000003);
#159=CIRCLE('',#3068,0.499999999999998);
#160=CIRCLE('',#3071,0.499999999999998);
#161=CIRCLE('',#3074,0.499999999999998);
#162=CIRCLE('',#3077,0.500000000000003);
#163=CIRCLE('',#3080,0.499999999999998);
#164=CIRCLE('',#3083,0.499999999999998);
#165=CIRCLE('',#3086,0.499999999999998);
#166=CIRCLE('',#3089,0.500000000000003);
#167=CIRCLE('',#3092,0.499999999999998);
#168=CIRCLE('',#3095,0.499999999999998);
#169=CIRCLE('',#3098,0.499999999999998);
#170=CIRCLE('',#3101,0.499999999999998);
#171=CIRCLE('',#3104,0.5);
#172=CIRCLE('',#3107,0.499999999999998);
#173=CIRCLE('',#3110,0.500000000000003);
#174=CIRCLE('',#3113,0.499999999999998);
#175=CIRCLE('',#3116,0.499999999999998);
#176=CIRCLE('',#3119,0.499999999999998);
#177=CIRCLE('',#3122,0.499999999999998);
#178=CIRCLE('',#3125,0.499999999999998);
#179=CIRCLE('',#3128,0.499999999999998);
#180=CIRCLE('',#3131,0.499999999999998);
#181=CIRCLE('',#3134,0.499999999999998);
#182=CIRCLE('',#3137,0.499999999999998);
#183=CIRCLE('',#3140,0.499999999999998);
#184=CIRCLE('',#3143,0.499999999999998);
#185=CIRCLE('',#3147,5.);
#186=CIRCLE('',#3150,5.);
#187=CIRCLE('',#3153,5.);
#188=CIRCLE('',#3156,5.);
#189=CIRCLE('',#3158,2.34999999999999);
#190=CIRCLE('',#3160,2.34999999999999);
#191=PLANE('',#2881);
#192=PLANE('',#2882);
#193=PLANE('',#2883);
#194=PLANE('',#2885);
#195=PLANE('',#2886);
#196=PLANE('',#2892);
#197=PLANE('',#2894);
#198=PLANE('',#2895);
#199=PLANE('',#2896);
#200=PLANE('',#2897);
#201=PLANE('',#2901);
#202=PLANE('',#2905);
#203=PLANE('',#2911);
#204=PLANE('',#2912);
#205=PLANE('',#2913);
#206=PLANE('',#2914);
#207=PLANE('',#2915);
#208=PLANE('',#2917);
#209=PLANE('',#2919);
#210=PLANE('',#2921);
#211=PLANE('',#2922);
#212=PLANE('',#2997);
#213=PLANE('',#2998);
#214=PLANE('',#2999);
#215=PLANE('',#3000);
#216=PLANE('',#3003);
#217=PLANE('',#3006);
#218=PLANE('',#3009);
#219=PLANE('',#3012);
#220=PLANE('',#3015);
#221=PLANE('',#3018);
#222=PLANE('',#3021);
#223=PLANE('',#3024);
#224=PLANE('',#3027);
#225=PLANE('',#3030);
#226=PLANE('',#3033);
#227=PLANE('',#3036);
#228=PLANE('',#3039);
#229=PLANE('',#3042);
#230=PLANE('',#3045);
#231=PLANE('',#3048);
#232=PLANE('',#3051);
#233=PLANE('',#3054);
#234=PLANE('',#3057);
#235=PLANE('',#3060);
#236=PLANE('',#3063);
#237=PLANE('',#3066);
#238=PLANE('',#3069);
#239=PLANE('',#3072);
#240=PLANE('',#3075);
#241=PLANE('',#3078);
#242=PLANE('',#3081);
#243=PLANE('',#3084);
#244=PLANE('',#3087);
#245=PLANE('',#3090);
#246=PLANE('',#3093);
#247=PLANE('',#3096);
#248=PLANE('',#3099);
#249=PLANE('',#3102);
#250=PLANE('',#3105);
#251=PLANE('',#3108);
#252=PLANE('',#3111);
#253=PLANE('',#3114);
#254=PLANE('',#3117);
#255=PLANE('',#3120);
#256=PLANE('',#3123);
#257=PLANE('',#3126);
#258=PLANE('',#3129);
#259=PLANE('',#3132);
#260=PLANE('',#3135);
#261=PLANE('',#3138);
#262=PLANE('',#3141);
#263=PLANE('',#3144);
#264=PLANE('',#3145);
#265=PLANE('',#3148);
#266=PLANE('',#3151);
#267=PLANE('',#3154);
#268=PLANE('',#3157);
#269=PLANE('',#3161);
#270=PLANE('',#3162);
#271=FACE_OUTER_BOUND('',#425,.T.);
#272=FACE_OUTER_BOUND('',#426,.T.);
#273=FACE_OUTER_BOUND('',#427,.T.);
#274=FACE_OUTER_BOUND('',#428,.T.);
#275=FACE_OUTER_BOUND('',#429,.T.);
#276=FACE_OUTER_BOUND('',#430,.T.);
#277=FACE_OUTER_BOUND('',#431,.T.);
#278=FACE_OUTER_BOUND('',#435,.T.);
#279=FACE_OUTER_BOUND('',#436,.T.);
#280=FACE_OUTER_BOUND('',#437,.T.);
#281=FACE_OUTER_BOUND('',#438,.T.);
#282=FACE_OUTER_BOUND('',#439,.T.);
#283=FACE_OUTER_BOUND('',#441,.T.);
#284=FACE_OUTER_BOUND('',#442,.T.);
#285=FACE_OUTER_BOUND('',#443,.T.);
#286=FACE_OUTER_BOUND('',#444,.T.);
#287=FACE_OUTER_BOUND('',#445,.T.);
#288=FACE_OUTER_BOUND('',#446,.T.);
#289=FACE_OUTER_BOUND('',#447,.T.);
#290=FACE_OUTER_BOUND('',#448,.T.);
#291=FACE_OUTER_BOUND('',#449,.T.);
#292=FACE_OUTER_BOUND('',#450,.T.);
#293=FACE_OUTER_BOUND('',#451,.T.);
#294=FACE_OUTER_BOUND('',#452,.T.);
#295=FACE_OUTER_BOUND('',#453,.T.);
#296=FACE_OUTER_BOUND('',#454,.T.);
#297=FACE_OUTER_BOUND('',#455,.T.);
#298=FACE_OUTER_BOUND('',#457,.T.);
#299=FACE_OUTER_BOUND('',#459,.T.);
#300=FACE_OUTER_BOUND('',#460,.T.);
#301=FACE_OUTER_BOUND('',#463,.T.);
#302=FACE_OUTER_BOUND('',#476,.T.);
#303=FACE_OUTER_BOUND('',#477,.T.);
#304=FACE_OUTER_BOUND('',#478,.T.);
#305=FACE_OUTER_BOUND('',#479,.T.);
#306=FACE_OUTER_BOUND('',#480,.T.);
#307=FACE_OUTER_BOUND('',#481,.T.);
#308=FACE_OUTER_BOUND('',#482,.T.);
#309=FACE_OUTER_BOUND('',#483,.T.);
#310=FACE_OUTER_BOUND('',#484,.T.);
#311=FACE_OUTER_BOUND('',#485,.T.);
#312=FACE_OUTER_BOUND('',#486,.T.);
#313=FACE_OUTER_BOUND('',#487,.T.);
#314=FACE_OUTER_BOUND('',#488,.T.);
#315=FACE_OUTER_BOUND('',#489,.T.);
#316=FACE_OUTER_BOUND('',#490,.T.);
#317=FACE_OUTER_BOUND('',#491,.T.);
#318=FACE_OUTER_BOUND('',#492,.T.);
#319=FACE_OUTER_BOUND('',#493,.T.);
#320=FACE_OUTER_BOUND('',#494,.T.);
#321=FACE_OUTER_BOUND('',#495,.T.);
#322=FACE_OUTER_BOUND('',#496,.T.);
#323=FACE_OUTER_BOUND('',#497,.T.);
#324=FACE_OUTER_BOUND('',#498,.T.);
#325=FACE_OUTER_BOUND('',#499,.T.);
#326=FACE_OUTER_BOUND('',#500,.T.);
#327=FACE_OUTER_BOUND('',#501,.T.);
#328=FACE_OUTER_BOUND('',#502,.T.);
#329=FACE_OUTER_BOUND('',#503,.T.);
#330=FACE_OUTER_BOUND('',#504,.T.);
#331=FACE_OUTER_BOUND('',#505,.T.);
#332=FACE_OUTER_BOUND('',#506,.T.);
#333=FACE_OUTER_BOUND('',#507,.T.);
#334=FACE_OUTER_BOUND('',#508,.T.);
#335=FACE_OUTER_BOUND('',#509,.T.);
#336=FACE_OUTER_BOUND('',#510,.T.);
#337=FACE_OUTER_BOUND('',#511,.T.);
#338=FACE_OUTER_BOUND('',#512,.T.);
#339=FACE_OUTER_BOUND('',#513,.T.);
#340=FACE_OUTER_BOUND('',#514,.T.);
#341=FACE_OUTER_BOUND('',#515,.T.);
#342=FACE_OUTER_BOUND('',#516,.T.);
#343=FACE_OUTER_BOUND('',#517,.T.);
#344=FACE_OUTER_BOUND('',#518,.T.);
#345=FACE_OUTER_BOUND('',#519,.T.);
#346=FACE_OUTER_BOUND('',#520,.T.);
#347=FACE_OUTER_BOUND('',#521,.T.);
#348=FACE_OUTER_BOUND('',#522,.T.);
#349=FACE_OUTER_BOUND('',#523,.T.);
#350=FACE_OUTER_BOUND('',#524,.T.);
#351=FACE_OUTER_BOUND('',#525,.T.);
#352=FACE_OUTER_BOUND('',#526,.T.);
#353=FACE_OUTER_BOUND('',#527,.T.);
#354=FACE_OUTER_BOUND('',#528,.T.);
#355=FACE_OUTER_BOUND('',#529,.T.);
#356=FACE_OUTER_BOUND('',#530,.T.);
#357=FACE_OUTER_BOUND('',#531,.T.);
#358=FACE_OUTER_BOUND('',#532,.T.);
#359=FACE_OUTER_BOUND('',#533,.T.);
#360=FACE_OUTER_BOUND('',#534,.T.);
#361=FACE_OUTER_BOUND('',#535,.T.);
#362=FACE_OUTER_BOUND('',#536,.T.);
#363=FACE_OUTER_BOUND('',#537,.T.);
#364=FACE_OUTER_BOUND('',#538,.T.);
#365=FACE_OUTER_BOUND('',#539,.T.);
#366=FACE_OUTER_BOUND('',#540,.T.);
#367=FACE_OUTER_BOUND('',#541,.T.);
#368=FACE_OUTER_BOUND('',#542,.T.);
#369=FACE_OUTER_BOUND('',#543,.T.);
#370=FACE_OUTER_BOUND('',#544,.T.);
#371=FACE_OUTER_BOUND('',#545,.T.);
#372=FACE_OUTER_BOUND('',#546,.T.);
#373=FACE_OUTER_BOUND('',#547,.T.);
#374=FACE_OUTER_BOUND('',#548,.T.);
#375=FACE_OUTER_BOUND('',#549,.T.);
#376=FACE_OUTER_BOUND('',#550,.T.);
#377=FACE_OUTER_BOUND('',#551,.T.);
#378=FACE_OUTER_BOUND('',#552,.T.);
#379=FACE_OUTER_BOUND('',#553,.T.);
#380=FACE_OUTER_BOUND('',#554,.T.);
#381=FACE_OUTER_BOUND('',#555,.T.);
#382=FACE_OUTER_BOUND('',#556,.T.);
#383=FACE_OUTER_BOUND('',#557,.T.);
#384=FACE_OUTER_BOUND('',#558,.T.);
#385=FACE_OUTER_BOUND('',#559,.T.);
#386=FACE_OUTER_BOUND('',#560,.T.);
#387=FACE_OUTER_BOUND('',#561,.T.);
#388=FACE_OUTER_BOUND('',#562,.T.);
#389=FACE_OUTER_BOUND('',#563,.T.);
#390=FACE_OUTER_BOUND('',#564,.T.);
#391=FACE_OUTER_BOUND('',#565,.T.);
#392=FACE_OUTER_BOUND('',#566,.T.);
#393=FACE_OUTER_BOUND('',#567,.T.);
#394=FACE_OUTER_BOUND('',#568,.T.);
#395=FACE_OUTER_BOUND('',#569,.T.);
#396=FACE_OUTER_BOUND('',#570,.T.);
#397=FACE_OUTER_BOUND('',#571,.T.);
#398=FACE_OUTER_BOUND('',#572,.T.);
#399=FACE_OUTER_BOUND('',#573,.T.);
#400=FACE_OUTER_BOUND('',#574,.T.);
#401=FACE_OUTER_BOUND('',#575,.T.);
#402=FACE_OUTER_BOUND('',#576,.T.);
#403=FACE_OUTER_BOUND('',#577,.T.);
#404=FACE_OUTER_BOUND('',#578,.T.);
#405=FACE_OUTER_BOUND('',#579,.T.);
#406=FACE_OUTER_BOUND('',#580,.T.);
#407=FACE_OUTER_BOUND('',#581,.T.);
#408=FACE_OUTER_BOUND('',#582,.T.);
#409=FACE_OUTER_BOUND('',#583,.T.);
#410=FACE_OUTER_BOUND('',#584,.T.);
#411=FACE_OUTER_BOUND('',#585,.T.);
#412=FACE_OUTER_BOUND('',#586,.T.);
#413=FACE_OUTER_BOUND('',#587,.T.);
#414=FACE_OUTER_BOUND('',#588,.T.);
#415=FACE_OUTER_BOUND('',#589,.T.);
#416=FACE_OUTER_BOUND('',#590,.T.);
#417=FACE_OUTER_BOUND('',#591,.T.);
#418=FACE_OUTER_BOUND('',#592,.T.);
#419=FACE_OUTER_BOUND('',#593,.T.);
#420=FACE_OUTER_BOUND('',#594,.T.);
#421=FACE_OUTER_BOUND('',#595,.T.);
#422=FACE_OUTER_BOUND('',#613,.T.);
#423=FACE_OUTER_BOUND('',#614,.T.);
#424=FACE_OUTER_BOUND('',#615,.T.);
#425=EDGE_LOOP('',(#1827,#1828,#1829,#1830));
#426=EDGE_LOOP('',(#1831,#1832,#1833,#1834));
#427=EDGE_LOOP('',(#1835,#1836,#1837,#1838));
#428=EDGE_LOOP('',(#1839,#1840,#1841,#1842));
#429=EDGE_LOOP('',(#1843,#1844,#1845,#1846));
#430=EDGE_LOOP('',(#1847,#1848,#1849,#1850));
#431=EDGE_LOOP('',(#1851,#1852,#1853,#1854));
#432=EDGE_LOOP('',(#1855));
#433=EDGE_LOOP('',(#1856,#1857,#1858,#1859));
#434=EDGE_LOOP('',(#1860,#1861,#1862,#1863));
#435=EDGE_LOOP('',(#1864,#1865,#1866,#1867));
#436=EDGE_LOOP('',(#1868,#1869,#1870,#1871));
#437=EDGE_LOOP('',(#1872,#1873,#1874,#1875));
#438=EDGE_LOOP('',(#1876,#1877,#1878,#1879));
#439=EDGE_LOOP('',(#1880));
#440=EDGE_LOOP('',(#1881));
#441=EDGE_LOOP('',(#1882,#1883,#1884,#1885));
#442=EDGE_LOOP('',(#1886,#1887,#1888,#1889));
#443=EDGE_LOOP('',(#1890,#1891,#1892,#1893));
#444=EDGE_LOOP('',(#1894,#1895,#1896,#1897));
#445=EDGE_LOOP('',(#1898,#1899,#1900,#1901));
#446=EDGE_LOOP('',(#1902));
#447=EDGE_LOOP('',(#1903,#1904,#1905,#1906));
#448=EDGE_LOOP('',(#1907));
#449=EDGE_LOOP('',(#1908,#1909,#1910,#1911));
#450=EDGE_LOOP('',(#1912,#1913,#1914,#1915));
#451=EDGE_LOOP('',(#1916,#1917,#1918,#1919));
#452=EDGE_LOOP('',(#1920,#1921,#1922,#1923));
#453=EDGE_LOOP('',(#1924,#1925,#1926,#1927));
#454=EDGE_LOOP('',(#1928,#1929,#1930,#1931));
#455=EDGE_LOOP('',(#1932));
#456=EDGE_LOOP('',(#1933));
#457=EDGE_LOOP('',(#1934));
#458=EDGE_LOOP('',(#1935));
#459=EDGE_LOOP('',(#1936));
#460=EDGE_LOOP('',(#1937,#1938,#1939,#1940));
#461=EDGE_LOOP('',(#1941,#1942,#1943,#1944));
#462=EDGE_LOOP('',(#1945));
#463=EDGE_LOOP('',(#1946,#1947,#1948,#1949));
#464=EDGE_LOOP('',(#1950,#1951,#1952,#1953,#1954,#1955,#1956,#1957));
#465=EDGE_LOOP('',(#1958,#1959,#1960,#1961,#1962,#1963,#1964,#1965));
#466=EDGE_LOOP('',(#1966,#1967,#1968,#1969,#1970,#1971,#1972,#1973));
#467=EDGE_LOOP('',(#1974,#1975,#1976,#1977,#1978,#1979,#1980,#1981));
#468=EDGE_LOOP('',(#1982,#1983,#1984,#1985,#1986,#1987,#1988,#1989));
#469=EDGE_LOOP('',(#1990,#1991,#1992,#1993,#1994,#1995,#1996,#1997));
#470=EDGE_LOOP('',(#1998,#1999,#2000,#2001,#2002,#2003,#2004,#2005));
#471=EDGE_LOOP('',(#2006,#2007,#2008,#2009,#2010,#2011,#2012,#2013));
#472=EDGE_LOOP('',(#2014,#2015,#2016,#2017,#2018,#2019,#2020,#2021));
#473=EDGE_LOOP('',(#2022,#2023,#2024,#2025,#2026,#2027,#2028,#2029));
#474=EDGE_LOOP('',(#2030,#2031,#2032,#2033,#2034,#2035,#2036,#2037));
#475=EDGE_LOOP('',(#2038,#2039,#2040,#2041,#2042,#2043,#2044,#2045));
#476=EDGE_LOOP('',(#2046,#2047,#2048,#2049));
#477=EDGE_LOOP('',(#2050,#2051,#2052));
#478=EDGE_LOOP('',(#2053,#2054,#2055,#2056));
#479=EDGE_LOOP('',(#2057,#2058,#2059));
#480=EDGE_LOOP('',(#2060,#2061,#2062,#2063));
#481=EDGE_LOOP('',(#2064,#2065,#2066));
#482=EDGE_LOOP('',(#2067,#2068,#2069,#2070));
#483=EDGE_LOOP('',(#2071,#2072,#2073));
#484=EDGE_LOOP('',(#2074,#2075,#2076,#2077));
#485=EDGE_LOOP('',(#2078,#2079,#2080,#2081));
#486=EDGE_LOOP('',(#2082,#2083,#2084,#2085));
#487=EDGE_LOOP('',(#2086,#2087,#2088,#2089));
#488=EDGE_LOOP('',(#2090,#2091,#2092,#2093));
#489=EDGE_LOOP('',(#2094,#2095,#2096,#2097));
#490=EDGE_LOOP('',(#2098,#2099,#2100,#2101));
#491=EDGE_LOOP('',(#2102,#2103,#2104,#2105));
#492=EDGE_LOOP('',(#2106,#2107,#2108,#2109));
#493=EDGE_LOOP('',(#2110,#2111,#2112,#2113));
#494=EDGE_LOOP('',(#2114,#2115,#2116,#2117));
#495=EDGE_LOOP('',(#2118,#2119,#2120,#2121));
#496=EDGE_LOOP('',(#2122,#2123,#2124,#2125));
#497=EDGE_LOOP('',(#2126,#2127,#2128,#2129));
#498=EDGE_LOOP('',(#2130,#2131,#2132,#2133));
#499=EDGE_LOOP('',(#2134,#2135,#2136,#2137));
#500=EDGE_LOOP('',(#2138,#2139,#2140,#2141));
#501=EDGE_LOOP('',(#2142,#2143,#2144,#2145));
#502=EDGE_LOOP('',(#2146,#2147,#2148,#2149));
#503=EDGE_LOOP('',(#2150,#2151,#2152,#2153));
#504=EDGE_LOOP('',(#2154,#2155,#2156,#2157));
#505=EDGE_LOOP('',(#2158,#2159,#2160,#2161));
#506=EDGE_LOOP('',(#2162,#2163,#2164,#2165));
#507=EDGE_LOOP('',(#2166,#2167,#2168,#2169));
#508=EDGE_LOOP('',(#2170,#2171,#2172,#2173));
#509=EDGE_LOOP('',(#2174,#2175,#2176,#2177));
#510=EDGE_LOOP('',(#2178,#2179,#2180,#2181));
#511=EDGE_LOOP('',(#2182,#2183,#2184,#2185));
#512=EDGE_LOOP('',(#2186,#2187,#2188,#2189));
#513=EDGE_LOOP('',(#2190,#2191,#2192,#2193));
#514=EDGE_LOOP('',(#2194,#2195,#2196,#2197));
#515=EDGE_LOOP('',(#2198,#2199,#2200,#2201));
#516=EDGE_LOOP('',(#2202,#2203,#2204,#2205));
#517=EDGE_LOOP('',(#2206,#2207,#2208,#2209));
#518=EDGE_LOOP('',(#2210,#2211,#2212,#2213));
#519=EDGE_LOOP('',(#2214,#2215,#2216,#2217));
#520=EDGE_LOOP('',(#2218,#2219,#2220,#2221));
#521=EDGE_LOOP('',(#2222,#2223,#2224,#2225));
#522=EDGE_LOOP('',(#2226,#2227,#2228,#2229));
#523=EDGE_LOOP('',(#2230,#2231,#2232,#2233));
#524=EDGE_LOOP('',(#2234,#2235,#2236,#2237));
#525=EDGE_LOOP('',(#2238,#2239,#2240,#2241));
#526=EDGE_LOOP('',(#2242,#2243,#2244,#2245));
#527=EDGE_LOOP('',(#2246,#2247,#2248,#2249));
#528=EDGE_LOOP('',(#2250,#2251,#2252,#2253));
#529=EDGE_LOOP('',(#2254,#2255,#2256,#2257));
#530=EDGE_LOOP('',(#2258,#2259,#2260,#2261));
#531=EDGE_LOOP('',(#2262,#2263,#2264,#2265));
#532=EDGE_LOOP('',(#2266,#2267,#2268,#2269));
#533=EDGE_LOOP('',(#2270,#2271,#2272,#2273));
#534=EDGE_LOOP('',(#2274,#2275,#2276,#2277));
#535=EDGE_LOOP('',(#2278,#2279,#2280,#2281));
#536=EDGE_LOOP('',(#2282,#2283,#2284,#2285));
#537=EDGE_LOOP('',(#2286,#2287,#2288,#2289));
#538=EDGE_LOOP('',(#2290,#2291,#2292,#2293));
#539=EDGE_LOOP('',(#2294,#2295,#2296,#2297));
#540=EDGE_LOOP('',(#2298,#2299,#2300,#2301));
#541=EDGE_LOOP('',(#2302,#2303,#2304,#2305));
#542=EDGE_LOOP('',(#2306,#2307,#2308,#2309));
#543=EDGE_LOOP('',(#2310,#2311,#2312,#2313));
#544=EDGE_LOOP('',(#2314,#2315,#2316,#2317));
#545=EDGE_LOOP('',(#2318,#2319,#2320,#2321));
#546=EDGE_LOOP('',(#2322,#2323,#2324,#2325));
#547=EDGE_LOOP('',(#2326,#2327,#2328,#2329));
#548=EDGE_LOOP('',(#2330,#2331,#2332,#2333));
#549=EDGE_LOOP('',(#2334,#2335,#2336,#2337));
#550=EDGE_LOOP('',(#2338,#2339,#2340,#2341));
#551=EDGE_LOOP('',(#2342,#2343,#2344,#2345));
#552=EDGE_LOOP('',(#2346,#2347,#2348,#2349));
#553=EDGE_LOOP('',(#2350,#2351,#2352,#2353));
#554=EDGE_LOOP('',(#2354,#2355,#2356,#2357));
#555=EDGE_LOOP('',(#2358,#2359,#2360,#2361));
#556=EDGE_LOOP('',(#2362,#2363,#2364,#2365));
#557=EDGE_LOOP('',(#2366,#2367,#2368,#2369));
#558=EDGE_LOOP('',(#2370,#2371,#2372,#2373));
#559=EDGE_LOOP('',(#2374,#2375,#2376,#2377));
#560=EDGE_LOOP('',(#2378,#2379,#2380,#2381));
#561=EDGE_LOOP('',(#2382,#2383,#2384,#2385));
#562=EDGE_LOOP('',(#2386,#2387,#2388,#2389));
#563=EDGE_LOOP('',(#2390,#2391,#2392,#2393));
#564=EDGE_LOOP('',(#2394,#2395,#2396,#2397));
#565=EDGE_LOOP('',(#2398,#2399,#2400,#2401));
#566=EDGE_LOOP('',(#2402,#2403,#2404,#2405));
#567=EDGE_LOOP('',(#2406,#2407,#2408,#2409));
#568=EDGE_LOOP('',(#2410,#2411,#2412,#2413));
#569=EDGE_LOOP('',(#2414,#2415,#2416,#2417));
#570=EDGE_LOOP('',(#2418,#2419,#2420,#2421));
#571=EDGE_LOOP('',(#2422,#2423,#2424,#2425));
#572=EDGE_LOOP('',(#2426,#2427,#2428,#2429));
#573=EDGE_LOOP('',(#2430,#2431,#2432,#2433));
#574=EDGE_LOOP('',(#2434,#2435,#2436,#2437));
#575=EDGE_LOOP('',(#2438,#2439,#2440,#2441));
#576=EDGE_LOOP('',(#2442,#2443,#2444,#2445));
#577=EDGE_LOOP('',(#2446,#2447,#2448,#2449));
#578=EDGE_LOOP('',(#2450,#2451,#2452,#2453));
#579=EDGE_LOOP('',(#2454,#2455,#2456,#2457));
#580=EDGE_LOOP('',(#2458,#2459,#2460,#2461));
#581=EDGE_LOOP('',(#2462,#2463,#2464,#2465));
#582=EDGE_LOOP('',(#2466,#2467,#2468,#2469));
#583=EDGE_LOOP('',(#2470,#2471,#2472,#2473));
#584=EDGE_LOOP('',(#2474,#2475,#2476,#2477));
#585=EDGE_LOOP('',(#2478,#2479,#2480,#2481));
#586=EDGE_LOOP('',(#2482,#2483,#2484,#2485));
#587=EDGE_LOOP('',(#2486,#2487,#2488,#2489));
#588=EDGE_LOOP('',(#2490,#2491,#2492,#2493));
#589=EDGE_LOOP('',(#2494,#2495,#2496,#2497));
#590=EDGE_LOOP('',(#2498,#2499,#2500,#2501));
#591=EDGE_LOOP('',(#2502,#2503,#2504,#2505));
#592=EDGE_LOOP('',(#2506,#2507,#2508,#2509));
#593=EDGE_LOOP('',(#2510,#2511,#2512,#2513));
#594=EDGE_LOOP('',(#2514,#2515,#2516,#2517));
#595=EDGE_LOOP('',(#2518,#2519,#2520,#2521,#2522,#2523,#2524,#2525));
#596=EDGE_LOOP('',(#2526,#2527,#2528,#2529,#2530,#2531,#2532,#2533));
#597=EDGE_LOOP('',(#2534,#2535,#2536,#2537,#2538,#2539,#2540,#2541));
#598=EDGE_LOOP('',(#2542,#2543,#2544,#2545,#2546,#2547,#2548,#2549));
#599=EDGE_LOOP('',(#2550,#2551,#2552,#2553,#2554,#2555,#2556,#2557));
#600=EDGE_LOOP('',(#2558,#2559,#2560,#2561,#2562,#2563,#2564,#2565));
#601=EDGE_LOOP('',(#2566,#2567,#2568,#2569,#2570,#2571,#2572,#2573));
#602=EDGE_LOOP('',(#2574,#2575,#2576,#2577,#2578,#2579,#2580,#2581));
#603=EDGE_LOOP('',(#2582,#2583,#2584,#2585,#2586,#2587,#2588,#2589));
#604=EDGE_LOOP('',(#2590,#2591,#2592,#2593,#2594,#2595,#2596,#2597));
#605=EDGE_LOOP('',(#2598,#2599,#2600,#2601,#2602,#2603,#2604,#2605));
#606=EDGE_LOOP('',(#2606,#2607,#2608,#2609,#2610,#2611,#2612,#2613));
#607=EDGE_LOOP('',(#2614,#2615,#2616,#2617,#2618,#2619,#2620,#2621));
#608=EDGE_LOOP('',(#2622,#2623,#2624,#2625));
#609=EDGE_LOOP('',(#2626));
#610=EDGE_LOOP('',(#2627));
#611=EDGE_LOOP('',(#2628));
#612=EDGE_LOOP('',(#2629));
#613=EDGE_LOOP('',(#2630,#2631,#2632,#2633));
#614=EDGE_LOOP('',(#2634));
#615=EDGE_LOOP('',(#2635));
#616=EDGE_LOOP('',(#2636));
#617=ELLIPSE('',#2874,1.41421356237309,1.);
#618=ELLIPSE('',#2875,1.41421356237309,1.);
#619=ELLIPSE('',#2877,1.4142135623731,1.);
#620=ELLIPSE('',#2879,1.41421356237309,1.);
#621=LINE('',#4018,#890);
#622=LINE('',#4022,#891);
#623=LINE('',#4026,#892);
#624=LINE('',#4029,#893);
#625=LINE('',#4032,#894);
#626=LINE('',#4035,#895);
#627=LINE('',#4037,#896);
#628=LINE('',#4038,#897);
#629=LINE('',#4041,#898);
#630=LINE('',#4043,#899);
#631=LINE('',#4044,#900);
#632=LINE('',#4047,#901);
#633=LINE('',#4048,#902);
#634=LINE('',#4052,#903);
#635=LINE('',#4054,#904);
#636=LINE('',#4056,#905);
#637=LINE('',#4057,#906);
#638=LINE('',#4062,#907);
#639=LINE('',#4064,#908);
#640=LINE('',#4066,#909);
#641=LINE('',#4067,#910);
#642=LINE('',#4070,#911);
#643=LINE('',#4071,#912);
#644=LINE('',#4073,#913);
#645=LINE('',#4080,#914);
#646=LINE('',#4087,#915);
#647=LINE('',#4089,#916);
#648=LINE('',#4090,#917);
#649=LINE('',#4093,#918);
#650=LINE('',#4094,#919);
#651=LINE('',#4097,#920);
#652=LINE('',#4098,#921);
#653=LINE('',#4100,#922);
#654=LINE('',#4105,#923);
#655=LINE('',#4112,#924);
#656=LINE('',#4119,#925);
#657=LINE('',#4123,#926);
#658=LINE('',#4128,#927);
#659=LINE('',#4129,#928);
#660=LINE('',#4130,#929);
#661=LINE('',#4133,#930);
#662=LINE('',#4134,#931);
#663=LINE('',#4137,#932);
#664=LINE('',#4138,#933);
#665=LINE('',#4140,#934);
#666=LINE('',#4153,#935);
#667=LINE('',#4155,#936);
#668=LINE('',#4157,#937);
#669=LINE('',#4158,#938);
#670=LINE('',#4162,#939);
#671=LINE('',#4166,#940);
#672=LINE('',#4170,#941);
#673=LINE('',#4174,#942);
#674=LINE('',#4178,#943);
#675=LINE('',#4182,#944);
#676=LINE('',#4186,#945);
#677=LINE('',#4190,#946);
#678=LINE('',#4194,#947);
#679=LINE('',#4198,#948);
#680=LINE('',#4202,#949);
#681=LINE('',#4206,#950);
#682=LINE('',#4210,#951);
#683=LINE('',#4214,#952);
#684=LINE('',#4218,#953);
#685=LINE('',#4222,#954);
#686=LINE('',#4226,#955);
#687=LINE('',#4230,#956);
#688=LINE('',#4234,#957);
#689=LINE('',#4238,#958);
#690=LINE('',#4242,#959);
#691=LINE('',#4246,#960);
#692=LINE('',#4250,#961);
#693=LINE('',#4254,#962);
#694=LINE('',#4258,#963);
#695=LINE('',#4262,#964);
#696=LINE('',#4266,#965);
#697=LINE('',#4270,#966);
#698=LINE('',#4274,#967);
#699=LINE('',#4278,#968);
#700=LINE('',#4282,#969);
#701=LINE('',#4286,#970);
#702=LINE('',#4290,#971);
#703=LINE('',#4294,#972);
#704=LINE('',#4298,#973);
#705=LINE('',#4302,#974);
#706=LINE('',#4306,#975);
#707=LINE('',#4310,#976);
#708=LINE('',#4314,#977);
#709=LINE('',#4318,#978);
#710=LINE('',#4322,#979);
#711=LINE('',#4326,#980);
#712=LINE('',#4330,#981);
#713=LINE('',#4334,#982);
#714=LINE('',#4338,#983);
#715=LINE('',#4342,#984);
#716=LINE('',#4346,#985);
#717=LINE('',#4350,#986);
#718=LINE('',#4356,#987);
#719=LINE('',#4365,#988);
#720=LINE('',#4373,#989);
#721=LINE('',#4380,#990);
#722=LINE('',#4387,#991);
#723=LINE('',#4391,#992);
#724=LINE('',#4395,#993);
#725=LINE('',#4399,#994);
#726=LINE('',#4400,#995);
#727=LINE('',#4401,#996);
#728=LINE('',#4404,#997);
#729=LINE('',#4405,#998);
#730=LINE('',#4408,#999);
#731=LINE('',#4409,#1000);
#732=LINE('',#4411,#1001);
#733=LINE('',#4416,#1002);
#734=LINE('',#4417,#1003);
#735=LINE('',#4420,#1004);
#736=LINE('',#4421,#1005);
#737=LINE('',#4425,#1006);
#738=LINE('',#4428,#1007);
#739=LINE('',#4429,#1008);
#740=LINE('',#4433,#1009);
#741=LINE('',#4436,#1010);
#742=LINE('',#4437,#1011);
#743=LINE('',#4441,#1012);
#744=LINE('',#4443,#1013);
#745=LINE('',#4448,#1014);
#746=LINE('',#4449,#1015);
#747=LINE('',#4452,#1016);
#748=LINE('',#4453,#1017);
#749=LINE('',#4457,#1018);
#750=LINE('',#4460,#1019);
#751=LINE('',#4461,#1020);
#752=LINE('',#4465,#1021);
#753=LINE('',#4468,#1022);
#754=LINE('',#4469,#1023);
#755=LINE('',#4473,#1024);
#756=LINE('',#4475,#1025);
#757=LINE('',#4480,#1026);
#758=LINE('',#4481,#1027);
#759=LINE('',#4484,#1028);
#760=LINE('',#4485,#1029);
#761=LINE('',#4489,#1030);
#762=LINE('',#4492,#1031);
#763=LINE('',#4493,#1032);
#764=LINE('',#4497,#1033);
#765=LINE('',#4500,#1034);
#766=LINE('',#4501,#1035);
#767=LINE('',#4505,#1036);
#768=LINE('',#4507,#1037);
#769=LINE('',#4512,#1038);
#770=LINE('',#4513,#1039);
#771=LINE('',#4516,#1040);
#772=LINE('',#4517,#1041);
#773=LINE('',#4521,#1042);
#774=LINE('',#4524,#1043);
#775=LINE('',#4525,#1044);
#776=LINE('',#4529,#1045);
#777=LINE('',#4532,#1046);
#778=LINE('',#4533,#1047);
#779=LINE('',#4537,#1048);
#780=LINE('',#4539,#1049);
#781=LINE('',#4544,#1050);
#782=LINE('',#4545,#1051);
#783=LINE('',#4548,#1052);
#784=LINE('',#4549,#1053);
#785=LINE('',#4553,#1054);
#786=LINE('',#4556,#1055);
#787=LINE('',#4557,#1056);
#788=LINE('',#4561,#1057);
#789=LINE('',#4564,#1058);
#790=LINE('',#4565,#1059);
#791=LINE('',#4569,#1060);
#792=LINE('',#4571,#1061);
#793=LINE('',#4576,#1062);
#794=LINE('',#4577,#1063);
#795=LINE('',#4580,#1064);
#796=LINE('',#4581,#1065);
#797=LINE('',#4585,#1066);
#798=LINE('',#4588,#1067);
#799=LINE('',#4589,#1068);
#800=LINE('',#4593,#1069);
#801=LINE('',#4596,#1070);
#802=LINE('',#4597,#1071);
#803=LINE('',#4601,#1072);
#804=LINE('',#4603,#1073);
#805=LINE('',#4608,#1074);
#806=LINE('',#4609,#1075);
#807=LINE('',#4612,#1076);
#808=LINE('',#4613,#1077);
#809=LINE('',#4617,#1078);
#810=LINE('',#4620,#1079);
#811=LINE('',#4621,#1080);
#812=LINE('',#4625,#1081);
#813=LINE('',#4628,#1082);
#814=LINE('',#4629,#1083);
#815=LINE('',#4633,#1084);
#816=LINE('',#4635,#1085);
#817=LINE('',#4640,#1086);
#818=LINE('',#4641,#1087);
#819=LINE('',#4644,#1088);
#820=LINE('',#4645,#1089);
#821=LINE('',#4649,#1090);
#822=LINE('',#4652,#1091);
#823=LINE('',#4653,#1092);
#824=LINE('',#4657,#1093);
#825=LINE('',#4660,#1094);
#826=LINE('',#4661,#1095);
#827=LINE('',#4665,#1096);
#828=LINE('',#4667,#1097);
#829=LINE('',#4672,#1098);
#830=LINE('',#4673,#1099);
#831=LINE('',#4676,#1100);
#832=LINE('',#4677,#1101);
#833=LINE('',#4681,#1102);
#834=LINE('',#4684,#1103);
#835=LINE('',#4685,#1104);
#836=LINE('',#4689,#1105);
#837=LINE('',#4692,#1106);
#838=LINE('',#4693,#1107);
#839=LINE('',#4697,#1108);
#840=LINE('',#4699,#1109);
#841=LINE('',#4704,#1110);
#842=LINE('',#4705,#1111);
#843=LINE('',#4708,#1112);
#844=LINE('',#4709,#1113);
#845=LINE('',#4713,#1114);
#846=LINE('',#4716,#1115);
#847=LINE('',#4717,#1116);
#848=LINE('',#4721,#1117);
#849=LINE('',#4724,#1118);
#850=LINE('',#4725,#1119);
#851=LINE('',#4729,#1120);
#852=LINE('',#4731,#1121);
#853=LINE('',#4736,#1122);
#854=LINE('',#4737,#1123);
#855=LINE('',#4740,#1124);
#856=LINE('',#4741,#1125);
#857=LINE('',#4745,#1126);
#858=LINE('',#4748,#1127);
#859=LINE('',#4749,#1128);
#860=LINE('',#4753,#1129);
#861=LINE('',#4756,#1130);
#862=LINE('',#4757,#1131);
#863=LINE('',#4761,#1132);
#864=LINE('',#4763,#1133);
#865=LINE('',#4768,#1134);
#866=LINE('',#4769,#1135);
#867=LINE('',#4772,#1136);
#868=LINE('',#4773,#1137);
#869=LINE('',#4777,#1138);
#870=LINE('',#4780,#1139);
#871=LINE('',#4781,#1140);
#872=LINE('',#4785,#1141);
#873=LINE('',#4788,#1142);
#874=LINE('',#4789,#1143);
#875=LINE('',#4793,#1144);
#876=LINE('',#4795,#1145);
#877=LINE('',#4798,#1146);
#878=LINE('',#4800,#1147);
#879=LINE('',#4801,#1148);
#880=LINE('',#4805,#1149);
#881=LINE('',#4808,#1150);
#882=LINE('',#4809,#1151);
#883=LINE('',#4813,#1152);
#884=LINE('',#4816,#1153);
#885=LINE('',#4817,#1154);
#886=LINE('',#4821,#1155);
#887=LINE('',#4824,#1156);
#888=LINE('',#4825,#1157);
#889=LINE('',#4833,#1158);
#890=VECTOR('',#3167,10.);
#891=VECTOR('',#3170,10.);
#892=VECTOR('',#3175,10.);
#893=VECTOR('',#3178,10.);
#894=VECTOR('',#3181,10.);
#895=VECTOR('',#3184,10.);
#896=VECTOR('',#3187,10.);
#897=VECTOR('',#3188,10.);
#898=VECTOR('',#3191,10.);
#899=VECTOR('',#3192,10.);
#900=VECTOR('',#3193,10.);
#901=VECTOR('',#3196,10.);
#902=VECTOR('',#3197,10.);
#903=VECTOR('',#3200,10.);
#904=VECTOR('',#3201,10.);
#905=VECTOR('',#3202,5.);
#906=VECTOR('',#3203,10.);
#907=VECTOR('',#3206,10.);
#908=VECTOR('',#3207,10.);
#909=VECTOR('',#3208,10.);
#910=VECTOR('',#3209,10.);
#911=VECTOR('',#3212,10.);
#912=VECTOR('',#3213,10.);
#913=VECTOR('',#3216,10.);
#914=VECTOR('',#3225,8.7);
#915=VECTOR('',#3234,10.);
#916=VECTOR('',#3235,10.);
#917=VECTOR('',#3236,10.);
#918=VECTOR('',#3239,10.);
#919=VECTOR('',#3240,10.);
#920=VECTOR('',#3243,10.);
#921=VECTOR('',#3244,10.);
#922=VECTOR('',#3247,10.);
#923=VECTOR('',#3252,1.7);
#924=VECTOR('',#3261,1.7);
#925=VECTOR('',#3270,1.7);
#926=VECTOR('',#3275,4.);
#927=VECTOR('',#3280,10.);
#928=VECTOR('',#3281,10.);
#929=VECTOR('',#3282,10.);
#930=VECTOR('',#3285,10.);
#931=VECTOR('',#3286,10.);
#932=VECTOR('',#3289,10.);
#933=VECTOR('',#3290,10.);
#934=VECTOR('',#3293,10.);
#935=VECTOR('',#3308,10.);
#936=VECTOR('',#3309,10.);
#937=VECTOR('',#3310,10.);
#938=VECTOR('',#3311,10.);
#939=VECTOR('',#3314,10.);
#940=VECTOR('',#3317,10.);
#941=VECTOR('',#3320,10.);
#942=VECTOR('',#3323,10.);
#943=VECTOR('',#3326,10.);
#944=VECTOR('',#3329,10.);
#945=VECTOR('',#3332,10.);
#946=VECTOR('',#3335,10.);
#947=VECTOR('',#3338,10.);
#948=VECTOR('',#3341,10.);
#949=VECTOR('',#3344,10.);
#950=VECTOR('',#3347,10.);
#951=VECTOR('',#3350,10.);
#952=VECTOR('',#3353,10.);
#953=VECTOR('',#3356,10.);
#954=VECTOR('',#3359,10.);
#955=VECTOR('',#3362,10.);
#956=VECTOR('',#3365,10.);
#957=VECTOR('',#3368,10.);
#958=VECTOR('',#3371,10.);
#959=VECTOR('',#3374,10.);
#960=VECTOR('',#3377,10.);
#961=VECTOR('',#3380,10.);
#962=VECTOR('',#3383,10.);
#963=VECTOR('',#3386,10.);
#964=VECTOR('',#3389,10.);
#965=VECTOR('',#3392,10.);
#966=VECTOR('',#3395,10.);
#967=VECTOR('',#3398,10.);
#968=VECTOR('',#3401,10.);
#969=VECTOR('',#3404,10.);
#970=VECTOR('',#3407,10.);
#971=VECTOR('',#3410,10.);
#972=VECTOR('',#3413,10.);
#973=VECTOR('',#3416,10.);
#974=VECTOR('',#3419,10.);
#975=VECTOR('',#3422,10.);
#976=VECTOR('',#3425,10.);
#977=VECTOR('',#3428,10.);
#978=VECTOR('',#3431,10.);
#979=VECTOR('',#3434,10.);
#980=VECTOR('',#3437,10.);
#981=VECTOR('',#3440,10.);
#982=VECTOR('',#3443,10.);
#983=VECTOR('',#3446,10.);
#984=VECTOR('',#3449,10.);
#985=VECTOR('',#3452,10.);
#986=VECTOR('',#3455,10.);
#987=VECTOR('',#3462,10.);
#988=VECTOR('',#3475,10.);
#989=VECTOR('',#3486,10.);
#990=VECTOR('',#3495,5.);
#991=VECTOR('',#3506,2.35);
#992=VECTOR('',#3511,2.35);
#993=VECTOR('',#3516,2.34999999999999);
#994=VECTOR('',#3519,10.);
#995=VECTOR('',#3520,10.);
#996=VECTOR('',#3521,10.);
#997=VECTOR('',#3524,10.);
#998=VECTOR('',#3525,10.);
#999=VECTOR('',#3528,10.);
#1000=VECTOR('',#3529,10.);
#1001=VECTOR('',#3532,10.);
#1002=VECTOR('',#3537,10.);
#1003=VECTOR('',#3538,10.);
#1004=VECTOR('',#3541,10.);
#1005=VECTOR('',#3542,10.);
#1006=VECTOR('',#3547,10.);
#1007=VECTOR('',#3550,10.);
#1008=VECTOR('',#3551,10.);
#1009=VECTOR('',#3556,10.);
#1010=VECTOR('',#3559,10.);
#1011=VECTOR('',#3560,10.);
#1012=VECTOR('',#3565,10.);
#1013=VECTOR('',#3568,10.);
#1014=VECTOR('',#3573,10.);
#1015=VECTOR('',#3574,10.);
#1016=VECTOR('',#3577,10.);
#1017=VECTOR('',#3578,10.);
#1018=VECTOR('',#3583,10.);
#1019=VECTOR('',#3586,10.);
#1020=VECTOR('',#3587,10.);
#1021=VECTOR('',#3592,10.);
#1022=VECTOR('',#3595,10.);
#1023=VECTOR('',#3596,10.);
#1024=VECTOR('',#3601,10.);
#1025=VECTOR('',#3604,10.);
#1026=VECTOR('',#3609,10.);
#1027=VECTOR('',#3610,10.);
#1028=VECTOR('',#3613,10.);
#1029=VECTOR('',#3614,10.);
#1030=VECTOR('',#3619,10.);
#1031=VECTOR('',#3622,10.);
#1032=VECTOR('',#3623,10.);
#1033=VECTOR('',#3628,10.);
#1034=VECTOR('',#3631,10.);
#1035=VECTOR('',#3632,10.);
#1036=VECTOR('',#3637,10.);
#1037=VECTOR('',#3640,10.);
#1038=VECTOR('',#3645,10.);
#1039=VECTOR('',#3646,10.);
#1040=VECTOR('',#3649,10.);
#1041=VECTOR('',#3650,10.);
#1042=VECTOR('',#3655,10.);
#1043=VECTOR('',#3658,10.);
#1044=VECTOR('',#3659,10.);
#1045=VECTOR('',#3664,10.);
#1046=VECTOR('',#3667,10.);
#1047=VECTOR('',#3668,10.);
#1048=VECTOR('',#3673,10.);
#1049=VECTOR('',#3676,10.);
#1050=VECTOR('',#3681,10.);
#1051=VECTOR('',#3682,10.);
#1052=VECTOR('',#3685,10.);
#1053=VECTOR('',#3686,10.);
#1054=VECTOR('',#3691,10.);
#1055=VECTOR('',#3694,10.);
#1056=VECTOR('',#3695,10.);
#1057=VECTOR('',#3700,10.);
#1058=VECTOR('',#3703,10.);
#1059=VECTOR('',#3704,10.);
#1060=VECTOR('',#3709,10.);
#1061=VECTOR('',#3712,10.);
#1062=VECTOR('',#3717,10.);
#1063=VECTOR('',#3718,10.);
#1064=VECTOR('',#3721,10.);
#1065=VECTOR('',#3722,10.);
#1066=VECTOR('',#3727,10.);
#1067=VECTOR('',#3730,10.);
#1068=VECTOR('',#3731,10.);
#1069=VECTOR('',#3736,10.);
#1070=VECTOR('',#3739,10.);
#1071=VECTOR('',#3740,10.);
#1072=VECTOR('',#3745,10.);
#1073=VECTOR('',#3748,10.);
#1074=VECTOR('',#3753,10.);
#1075=VECTOR('',#3754,10.);
#1076=VECTOR('',#3757,10.);
#1077=VECTOR('',#3758,10.);
#1078=VECTOR('',#3763,10.);
#1079=VECTOR('',#3766,10.);
#1080=VECTOR('',#3767,10.);
#1081=VECTOR('',#3772,10.);
#1082=VECTOR('',#3775,10.);
#1083=VECTOR('',#3776,10.);
#1084=VECTOR('',#3781,10.);
#1085=VECTOR('',#3784,10.);
#1086=VECTOR('',#3789,10.);
#1087=VECTOR('',#3790,10.);
#1088=VECTOR('',#3793,10.);
#1089=VECTOR('',#3794,10.);
#1090=VECTOR('',#3799,10.);
#1091=VECTOR('',#3802,10.);
#1092=VECTOR('',#3803,10.);
#1093=VECTOR('',#3808,10.);
#1094=VECTOR('',#3811,10.);
#1095=VECTOR('',#3812,10.);
#1096=VECTOR('',#3817,10.);
#1097=VECTOR('',#3820,10.);
#1098=VECTOR('',#3825,10.);
#1099=VECTOR('',#3826,10.);
#1100=VECTOR('',#3829,10.);
#1101=VECTOR('',#3830,10.);
#1102=VECTOR('',#3835,10.);
#1103=VECTOR('',#3838,10.);
#1104=VECTOR('',#3839,10.);
#1105=VECTOR('',#3844,10.);
#1106=VECTOR('',#3847,10.);
#1107=VECTOR('',#3848,10.);
#1108=VECTOR('',#3853,10.);
#1109=VECTOR('',#3856,10.);
#1110=VECTOR('',#3861,10.);
#1111=VECTOR('',#3862,10.);
#1112=VECTOR('',#3865,10.);
#1113=VECTOR('',#3866,10.);
#1114=VECTOR('',#3871,10.);
#1115=VECTOR('',#3874,10.);
#1116=VECTOR('',#3875,10.);
#1117=VECTOR('',#3880,10.);
#1118=VECTOR('',#3883,10.);
#1119=VECTOR('',#3884,10.);
#1120=VECTOR('',#3889,10.);
#1121=VECTOR('',#3892,10.);
#1122=VECTOR('',#3897,10.);
#1123=VECTOR('',#3898,10.);
#1124=VECTOR('',#3901,10.);
#1125=VECTOR('',#3902,10.);
#1126=VECTOR('',#3907,10.);
#1127=VECTOR('',#3910,10.);
#1128=VECTOR('',#3911,10.);
#1129=VECTOR('',#3916,10.);
#1130=VECTOR('',#3919,10.);
#1131=VECTOR('',#3920,10.);
#1132=VECTOR('',#3925,10.);
#1133=VECTOR('',#3928,10.);
#1134=VECTOR('',#3933,10.);
#1135=VECTOR('',#3934,10.);
#1136=VECTOR('',#3937,10.);
#1137=VECTOR('',#3938,10.);
#1138=VECTOR('',#3943,10.);
#1139=VECTOR('',#3946,10.);
#1140=VECTOR('',#3947,10.);
#1141=VECTOR('',#3952,10.);
#1142=VECTOR('',#3955,10.);
#1143=VECTOR('',#3956,10.);
#1144=VECTOR('',#3961,10.);
#1145=VECTOR('',#3964,10.);
#1146=VECTOR('',#3967,5.);
#1147=VECTOR('',#3968,10.);
#1148=VECTOR('',#3969,10.);
#1149=VECTOR('',#3974,10.);
#1150=VECTOR('',#3977,10.);
#1151=VECTOR('',#3978,10.);
#1152=VECTOR('',#3983,10.);
#1153=VECTOR('',#3986,5.);
#1154=VECTOR('',#3987,10.);
#1155=VECTOR('',#3992,5.);
#1156=VECTOR('',#3995,5.);
#1157=VECTOR('',#3996,10.);
#1158=VECTOR('',#4007,2.34999999999999);
#1159=VERTEX_POINT('',#4016);
#1160=VERTEX_POINT('',#4017);
#1161=VERTEX_POINT('',#4019);
#1162=VERTEX_POINT('',#4021);
#1163=VERTEX_POINT('',#4025);
#1164=VERTEX_POINT('',#4027);
#1165=VERTEX_POINT('',#4031);
#1166=VERTEX_POINT('',#4033);
#1167=VERTEX_POINT('',#4040);
#1168=VERTEX_POINT('',#4042);
#1169=VERTEX_POINT('',#4046);
#1170=VERTEX_POINT('',#4050);
#1171=VERTEX_POINT('',#4051);
#1172=VERTEX_POINT('',#4053);
#1173=VERTEX_POINT('',#4055);
#1174=VERTEX_POINT('',#4058);
#1175=VERTEX_POINT('',#4060);
#1176=VERTEX_POINT('',#4061);
#1177=VERTEX_POINT('',#4063);
#1178=VERTEX_POINT('',#4065);
#1179=VERTEX_POINT('',#4069);
#1180=VERTEX_POINT('',#4075);
#1181=VERTEX_POINT('',#4079);
#1182=VERTEX_POINT('',#4083);
#1183=VERTEX_POINT('',#4086);
#1184=VERTEX_POINT('',#4088);
#1185=VERTEX_POINT('',#4092);
#1186=VERTEX_POINT('',#4096);
#1187=VERTEX_POINT('',#4102);
#1188=VERTEX_POINT('',#4104);
#1189=VERTEX_POINT('',#4109);
#1190=VERTEX_POINT('',#4111);
#1191=VERTEX_POINT('',#4116);
#1192=VERTEX_POINT('',#4118);
#1193=VERTEX_POINT('',#4122);
#1194=VERTEX_POINT('',#4126);
#1195=VERTEX_POINT('',#4127);
#1196=VERTEX_POINT('',#4132);
#1197=VERTEX_POINT('',#4136);
#1198=VERTEX_POINT('',#4142);
#1199=VERTEX_POINT('',#4145);
#1200=VERTEX_POINT('',#4148);
#1201=VERTEX_POINT('',#4151);
#1202=VERTEX_POINT('',#4152);
#1203=VERTEX_POINT('',#4154);
#1204=VERTEX_POINT('',#4156);
#1205=VERTEX_POINT('',#4160);
#1206=VERTEX_POINT('',#4161);
#1207=VERTEX_POINT('',#4163);
#1208=VERTEX_POINT('',#4165);
#1209=VERTEX_POINT('',#4167);
#1210=VERTEX_POINT('',#4169);
#1211=VERTEX_POINT('',#4171);
#1212=VERTEX_POINT('',#4173);
#1213=VERTEX_POINT('',#4176);
#1214=VERTEX_POINT('',#4177);
#1215=VERTEX_POINT('',#4179);
#1216=VERTEX_POINT('',#4181);
#1217=VERTEX_POINT('',#4183);
#1218=VERTEX_POINT('',#4185);
#1219=VERTEX_POINT('',#4187);
#1220=VERTEX_POINT('',#4189);
#1221=VERTEX_POINT('',#4192);
#1222=VERTEX_POINT('',#4193);
#1223=VERTEX_POINT('',#4195);
#1224=VERTEX_POINT('',#4197);
#1225=VERTEX_POINT('',#4199);
#1226=VERTEX_POINT('',#4201);
#1227=VERTEX_POINT('',#4203);
#1228=VERTEX_POINT('',#4205);
#1229=VERTEX_POINT('',#4208);
#1230=VERTEX_POINT('',#4209);
#1231=VERTEX_POINT('',#4211);
#1232=VERTEX_POINT('',#4213);
#1233=VERTEX_POINT('',#4215);
#1234=VERTEX_POINT('',#4217);
#1235=VERTEX_POINT('',#4219);
#1236=VERTEX_POINT('',#4221);
#1237=VERTEX_POINT('',#4224);
#1238=VERTEX_POINT('',#4225);
#1239=VERTEX_POINT('',#4227);
#1240=VERTEX_POINT('',#4229);
#1241=VERTEX_POINT('',#4231);
#1242=VERTEX_POINT('',#4233);
#1243=VERTEX_POINT('',#4235);
#1244=VERTEX_POINT('',#4237);
#1245=VERTEX_POINT('',#4240);
#1246=VERTEX_POINT('',#4241);
#1247=VERTEX_POINT('',#4243);
#1248=VERTEX_POINT('',#4245);
#1249=VERTEX_POINT('',#4247);
#1250=VERTEX_POINT('',#4249);
#1251=VERTEX_POINT('',#4251);
#1252=VERTEX_POINT('',#4253);
#1253=VERTEX_POINT('',#4256);
#1254=VERTEX_POINT('',#4257);
#1255=VERTEX_POINT('',#4259);
#1256=VERTEX_POINT('',#4261);
#1257=VERTEX_POINT('',#4263);
#1258=VERTEX_POINT('',#4265);
#1259=VERTEX_POINT('',#4267);
#1260=VERTEX_POINT('',#4269);
#1261=VERTEX_POINT('',#4272);
#1262=VERTEX_POINT('',#4273);
#1263=VERTEX_POINT('',#4275);
#1264=VERTEX_POINT('',#4277);
#1265=VERTEX_POINT('',#4279);
#1266=VERTEX_POINT('',#4281);
#1267=VERTEX_POINT('',#4283);
#1268=VERTEX_POINT('',#4285);
#1269=VERTEX_POINT('',#4288);
#1270=VERTEX_POINT('',#4289);
#1271=VERTEX_POINT('',#4291);
#1272=VERTEX_POINT('',#4293);
#1273=VERTEX_POINT('',#4295);
#1274=VERTEX_POINT('',#4297);
#1275=VERTEX_POINT('',#4299);
#1276=VERTEX_POINT('',#4301);
#1277=VERTEX_POINT('',#4304);
#1278=VERTEX_POINT('',#4305);
#1279=VERTEX_POINT('',#4307);
#1280=VERTEX_POINT('',#4309);
#1281=VERTEX_POINT('',#4311);
#1282=VERTEX_POINT('',#4313);
#1283=VERTEX_POINT('',#4315);
#1284=VERTEX_POINT('',#4317);
#1285=VERTEX_POINT('',#4320);
#1286=VERTEX_POINT('',#4321);
#1287=VERTEX_POINT('',#4323);
#1288=VERTEX_POINT('',#4325);
#1289=VERTEX_POINT('',#4327);
#1290=VERTEX_POINT('',#4329);
#1291=VERTEX_POINT('',#4331);
#1292=VERTEX_POINT('',#4333);
#1293=VERTEX_POINT('',#4336);
#1294=VERTEX_POINT('',#4337);
#1295=VERTEX_POINT('',#4339);
#1296=VERTEX_POINT('',#4341);
#1297=VERTEX_POINT('',#4343);
#1298=VERTEX_POINT('',#4345);
#1299=VERTEX_POINT('',#4347);
#1300=VERTEX_POINT('',#4349);
#1301=VERTEX_POINT('',#4353);
#1302=VERTEX_POINT('',#4355);
#1303=VERTEX_POINT('',#4359);
#1304=VERTEX_POINT('',#4363);
#1305=VERTEX_POINT('',#4367);
#1306=VERTEX_POINT('',#4371);
#1307=VERTEX_POINT('',#4375);
#1308=VERTEX_POINT('',#4379);
#1309=VERTEX_POINT('',#4385);
#1310=VERTEX_POINT('',#4389);
#1311=VERTEX_POINT('',#4393);
#1312=VERTEX_POINT('',#4397);
#1313=VERTEX_POINT('',#4398);
#1314=VERTEX_POINT('',#4403);
#1315=VERTEX_POINT('',#4407);
#1316=VERTEX_POINT('',#4413);
#1317=VERTEX_POINT('',#4414);
#1318=VERTEX_POINT('',#4419);
#1319=VERTEX_POINT('',#4423);
#1320=VERTEX_POINT('',#4427);
#1321=VERTEX_POINT('',#4431);
#1322=VERTEX_POINT('',#4435);
#1323=VERTEX_POINT('',#4439);
#1324=VERTEX_POINT('',#4445);
#1325=VERTEX_POINT('',#4446);
#1326=VERTEX_POINT('',#4451);
#1327=VERTEX_POINT('',#4455);
#1328=VERTEX_POINT('',#4459);
#1329=VERTEX_POINT('',#4463);
#1330=VERTEX_POINT('',#4467);
#1331=VERTEX_POINT('',#4471);
#1332=VERTEX_POINT('',#4477);
#1333=VERTEX_POINT('',#4478);
#1334=VERTEX_POINT('',#4483);
#1335=VERTEX_POINT('',#4487);
#1336=VERTEX_POINT('',#4491);
#1337=VERTEX_POINT('',#4495);
#1338=VERTEX_POINT('',#4499);
#1339=VERTEX_POINT('',#4503);
#1340=VERTEX_POINT('',#4509);
#1341=VERTEX_POINT('',#4510);
#1342=VERTEX_POINT('',#4515);
#1343=VERTEX_POINT('',#4519);
#1344=VERTEX_POINT('',#4523);
#1345=VERTEX_POINT('',#4527);
#1346=VERTEX_POINT('',#4531);
#1347=VERTEX_POINT('',#4535);
#1348=VERTEX_POINT('',#4541);
#1349=VERTEX_POINT('',#4542);
#1350=VERTEX_POINT('',#4547);
#1351=VERTEX_POINT('',#4551);
#1352=VERTEX_POINT('',#4555);
#1353=VERTEX_POINT('',#4559);
#1354=VERTEX_POINT('',#4563);
#1355=VERTEX_POINT('',#4567);
#1356=VERTEX_POINT('',#4573);
#1357=VERTEX_POINT('',#4574);
#1358=VERTEX_POINT('',#4579);
#1359=VERTEX_POINT('',#4583);
#1360=VERTEX_POINT('',#4587);
#1361=VERTEX_POINT('',#4591);
#1362=VERTEX_POINT('',#4595);
#1363=VERTEX_POINT('',#4599);
#1364=VERTEX_POINT('',#4605);
#1365=VERTEX_POINT('',#4606);
#1366=VERTEX_POINT('',#4611);
#1367=VERTEX_POINT('',#4615);
#1368=VERTEX_POINT('',#4619);
#1369=VERTEX_POINT('',#4623);
#1370=VERTEX_POINT('',#4627);
#1371=VERTEX_POINT('',#4631);
#1372=VERTEX_POINT('',#4637);
#1373=VERTEX_POINT('',#4638);
#1374=VERTEX_POINT('',#4643);
#1375=VERTEX_POINT('',#4647);
#1376=VERTEX_POINT('',#4651);
#1377=VERTEX_POINT('',#4655);
#1378=VERTEX_POINT('',#4659);
#1379=VERTEX_POINT('',#4663);
#1380=VERTEX_POINT('',#4669);
#1381=VERTEX_POINT('',#4670);
#1382=VERTEX_POINT('',#4675);
#1383=VERTEX_POINT('',#4679);
#1384=VERTEX_POINT('',#4683);
#1385=VERTEX_POINT('',#4687);
#1386=VERTEX_POINT('',#4691);
#1387=VERTEX_POINT('',#4695);
#1388=VERTEX_POINT('',#4701);
#1389=VERTEX_POINT('',#4702);
#1390=VERTEX_POINT('',#4707);
#1391=VERTEX_POINT('',#4711);
#1392=VERTEX_POINT('',#4715);
#1393=VERTEX_POINT('',#4719);
#1394=VERTEX_POINT('',#4723);
#1395=VERTEX_POINT('',#4727);
#1396=VERTEX_POINT('',#4733);
#1397=VERTEX_POINT('',#4734);
#1398=VERTEX_POINT('',#4739);
#1399=VERTEX_POINT('',#4743);
#1400=VERTEX_POINT('',#4747);
#1401=VERTEX_POINT('',#4751);
#1402=VERTEX_POINT('',#4755);
#1403=VERTEX_POINT('',#4759);
#1404=VERTEX_POINT('',#4765);
#1405=VERTEX_POINT('',#4766);
#1406=VERTEX_POINT('',#4771);
#1407=VERTEX_POINT('',#4775);
#1408=VERTEX_POINT('',#4779);
#1409=VERTEX_POINT('',#4783);
#1410=VERTEX_POINT('',#4787);
#1411=VERTEX_POINT('',#4791);
#1412=VERTEX_POINT('',#4797);
#1413=VERTEX_POINT('',#4799);
#1414=VERTEX_POINT('',#4803);
#1415=VERTEX_POINT('',#4807);
#1416=VERTEX_POINT('',#4811);
#1417=VERTEX_POINT('',#4815);
#1418=VERTEX_POINT('',#4819);
#1419=VERTEX_POINT('',#4823);
#1420=VERTEX_POINT('',#4829);
#1421=VERTEX_POINT('',#4832);
#1422=EDGE_CURVE('',#1159,#1160,#621,.T.);
#1423=EDGE_CURVE('',#1160,#1161,#617,.T.);
#1424=EDGE_CURVE('',#1161,#1162,#622,.T.);
#1425=EDGE_CURVE('',#1159,#1162,#618,.T.);
#1426=EDGE_CURVE('',#1160,#1163,#623,.T.);
#1427=EDGE_CURVE('',#1163,#1164,#619,.T.);
#1428=EDGE_CURVE('',#1164,#1161,#624,.T.);
#1429=EDGE_CURVE('',#1163,#1165,#625,.T.);
#1430=EDGE_CURVE('',#1165,#1166,#620,.T.);
#1431=EDGE_CURVE('',#1166,#1164,#626,.T.);
#1432=EDGE_CURVE('',#1162,#1166,#627,.T.);
#1433=EDGE_CURVE('',#1165,#1159,#628,.T.);
#1434=EDGE_CURVE('',#1167,#1162,#629,.T.);
#1435=EDGE_CURVE('',#1167,#1168,#630,.T.);
#1436=EDGE_CURVE('',#1168,#1166,#631,.T.);
#1437=EDGE_CURVE('',#1161,#1169,#632,.T.);
#1438=EDGE_CURVE('',#1169,#1167,#633,.T.);
#1439=EDGE_CURVE('',#1170,#1171,#634,.T.);
#1440=EDGE_CURVE('',#1172,#1170,#635,.T.);
#1441=EDGE_CURVE('',#1173,#1172,#636,.T.);
#1442=EDGE_CURVE('',#1171,#1173,#637,.T.);
#1443=EDGE_CURVE('',#1174,#1174,#59,.T.);
#1444=EDGE_CURVE('',#1175,#1176,#638,.T.);
#1445=EDGE_CURVE('',#1176,#1177,#639,.T.);
#1446=EDGE_CURVE('',#1177,#1178,#640,.T.);
#1447=EDGE_CURVE('',#1178,#1175,#641,.T.);
#1448=EDGE_CURVE('',#1168,#1179,#642,.T.);
#1449=EDGE_CURVE('',#1179,#1164,#643,.T.);
#1450=EDGE_CURVE('',#1179,#1169,#644,.T.);
#1451=EDGE_CURVE('',#1180,#1180,#60,.T.);
#1452=EDGE_CURVE('',#1180,#1174,#61,.T.);
#1453=EDGE_CURVE('',#1180,#1181,#645,.T.);
#1454=EDGE_CURVE('',#1181,#1181,#62,.T.);
#1455=EDGE_CURVE('',#1182,#1182,#63,.T.);
#1456=EDGE_CURVE('',#1183,#1167,#646,.T.);
#1457=EDGE_CURVE('',#1184,#1183,#647,.T.);
#1458=EDGE_CURVE('',#1184,#1168,#648,.T.);
#1459=EDGE_CURVE('',#1185,#1169,#649,.T.);
#1460=EDGE_CURVE('',#1183,#1185,#650,.T.);
#1461=EDGE_CURVE('',#1186,#1184,#651,.T.);
#1462=EDGE_CURVE('',#1186,#1179,#652,.T.);
#1463=EDGE_CURVE('',#1185,#1186,#653,.T.);
#1464=EDGE_CURVE('',#1187,#1187,#64,.T.);
#1465=EDGE_CURVE('',#1187,#1188,#654,.T.);
#1466=EDGE_CURVE('',#1188,#1188,#65,.T.);
#1467=EDGE_CURVE('',#1189,#1189,#66,.T.);
#1468=EDGE_CURVE('',#1189,#1190,#655,.T.);
#1469=EDGE_CURVE('',#1190,#1190,#67,.T.);
#1470=EDGE_CURVE('',#1191,#1191,#68,.T.);
#1471=EDGE_CURVE('',#1191,#1192,#656,.T.);
#1472=EDGE_CURVE('',#1192,#1192,#69,.T.);
#1473=EDGE_CURVE('',#1182,#1193,#657,.T.);
#1474=EDGE_CURVE('',#1193,#1193,#70,.T.);
#1475=EDGE_CURVE('',#1194,#1195,#658,.T.);
#1476=EDGE_CURVE('',#1194,#1178,#659,.T.);
#1477=EDGE_CURVE('',#1195,#1177,#660,.T.);
#1478=EDGE_CURVE('',#1196,#1194,#661,.T.);
#1479=EDGE_CURVE('',#1196,#1175,#662,.T.);
#1480=EDGE_CURVE('',#1197,#1196,#663,.T.);
#1481=EDGE_CURVE('',#1197,#1176,#664,.T.);
#1482=EDGE_CURVE('',#1195,#1197,#665,.T.);
#1483=EDGE_CURVE('',#1198,#1198,#71,.T.);
#1484=EDGE_CURVE('',#1199,#1199,#72,.T.);
#1485=EDGE_CURVE('',#1200,#1200,#73,.T.);
#1486=EDGE_CURVE('',#1201,#1202,#666,.T.);
#1487=EDGE_CURVE('',#1202,#1203,#667,.T.);
#1488=EDGE_CURVE('',#1203,#1204,#668,.T.);
#1489=EDGE_CURVE('',#1204,#1201,#669,.T.);
#1490=EDGE_CURVE('',#1205,#1206,#670,.T.);
#1491=EDGE_CURVE('',#1206,#1207,#74,.T.);
#1492=EDGE_CURVE('',#1207,#1208,#671,.T.);
#1493=EDGE_CURVE('',#1208,#1209,#75,.T.);
#1494=EDGE_CURVE('',#1209,#1210,#672,.T.);
#1495=EDGE_CURVE('',#1210,#1211,#76,.T.);
#1496=EDGE_CURVE('',#1211,#1212,#673,.T.);
#1497=EDGE_CURVE('',#1212,#1205,#77,.T.);
#1498=EDGE_CURVE('',#1213,#1214,#674,.T.);
#1499=EDGE_CURVE('',#1214,#1215,#78,.T.);
#1500=EDGE_CURVE('',#1215,#1216,#675,.T.);
#1501=EDGE_CURVE('',#1216,#1217,#79,.T.);
#1502=EDGE_CURVE('',#1217,#1218,#676,.T.);
#1503=EDGE_CURVE('',#1218,#1219,#80,.T.);
#1504=EDGE_CURVE('',#1219,#1220,#677,.T.);
#1505=EDGE_CURVE('',#1220,#1213,#81,.T.);
#1506=EDGE_CURVE('',#1221,#1222,#678,.T.);
#1507=EDGE_CURVE('',#1222,#1223,#82,.T.);
#1508=EDGE_CURVE('',#1223,#1224,#679,.T.);
#1509=EDGE_CURVE('',#1224,#1225,#83,.T.);
#1510=EDGE_CURVE('',#1225,#1226,#680,.T.);
#1511=EDGE_CURVE('',#1226,#1227,#84,.T.);
#1512=EDGE_CURVE('',#1227,#1228,#681,.T.);
#1513=EDGE_CURVE('',#1228,#1221,#85,.T.);
#1514=EDGE_CURVE('',#1229,#1230,#682,.T.);
#1515=EDGE_CURVE('',#1230,#1231,#86,.T.);
#1516=EDGE_CURVE('',#1231,#1232,#683,.T.);
#1517=EDGE_CURVE('',#1232,#1233,#87,.T.);
#1518=EDGE_CURVE('',#1233,#1234,#684,.T.);
#1519=EDGE_CURVE('',#1234,#1235,#88,.T.);
#1520=EDGE_CURVE('',#1235,#1236,#685,.T.);
#1521=EDGE_CURVE('',#1236,#1229,#89,.T.);
#1522=EDGE_CURVE('',#1237,#1238,#686,.T.);
#1523=EDGE_CURVE('',#1238,#1239,#90,.T.);
#1524=EDGE_CURVE('',#1239,#1240,#687,.T.);
#1525=EDGE_CURVE('',#1240,#1241,#91,.T.);
#1526=EDGE_CURVE('',#1241,#1242,#688,.T.);
#1527=EDGE_CURVE('',#1242,#1243,#92,.T.);
#1528=EDGE_CURVE('',#1243,#1244,#689,.T.);
#1529=EDGE_CURVE('',#1244,#1237,#93,.T.);
#1530=EDGE_CURVE('',#1245,#1246,#690,.T.);
#1531=EDGE_CURVE('',#1246,#1247,#94,.T.);
#1532=EDGE_CURVE('',#1247,#1248,#691,.T.);
#1533=EDGE_CURVE('',#1248,#1249,#95,.T.);
#1534=EDGE_CURVE('',#1249,#1250,#692,.T.);
#1535=EDGE_CURVE('',#1250,#1251,#96,.T.);
#1536=EDGE_CURVE('',#1251,#1252,#693,.T.);
#1537=EDGE_CURVE('',#1252,#1245,#97,.T.);
#1538=EDGE_CURVE('',#1253,#1254,#694,.T.);
#1539=EDGE_CURVE('',#1254,#1255,#98,.T.);
#1540=EDGE_CURVE('',#1255,#1256,#695,.T.);
#1541=EDGE_CURVE('',#1256,#1257,#99,.T.);
#1542=EDGE_CURVE('',#1257,#1258,#696,.T.);
#1543=EDGE_CURVE('',#1258,#1259,#100,.T.);
#1544=EDGE_CURVE('',#1259,#1260,#697,.T.);
#1545=EDGE_CURVE('',#1260,#1253,#101,.T.);
#1546=EDGE_CURVE('',#1261,#1262,#698,.T.);
#1547=EDGE_CURVE('',#1262,#1263,#102,.T.);
#1548=EDGE_CURVE('',#1263,#1264,#699,.T.);
#1549=EDGE_CURVE('',#1264,#1265,#103,.T.);
#1550=EDGE_CURVE('',#1265,#1266,#700,.T.);
#1551=EDGE_CURVE('',#1266,#1267,#104,.T.);
#1552=EDGE_CURVE('',#1267,#1268,#701,.T.);
#1553=EDGE_CURVE('',#1268,#1261,#105,.T.);
#1554=EDGE_CURVE('',#1269,#1270,#702,.T.);
#1555=EDGE_CURVE('',#1270,#1271,#106,.T.);
#1556=EDGE_CURVE('',#1271,#1272,#703,.T.);
#1557=EDGE_CURVE('',#1272,#1273,#107,.T.);
#1558=EDGE_CURVE('',#1273,#1274,#704,.T.);
#1559=EDGE_CURVE('',#1274,#1275,#108,.T.);
#1560=EDGE_CURVE('',#1275,#1276,#705,.T.);
#1561=EDGE_CURVE('',#1276,#1269,#109,.T.);
#1562=EDGE_CURVE('',#1277,#1278,#706,.T.);
#1563=EDGE_CURVE('',#1278,#1279,#110,.T.);
#1564=EDGE_CURVE('',#1279,#1280,#707,.T.);
#1565=EDGE_CURVE('',#1280,#1281,#111,.T.);
#1566=EDGE_CURVE('',#1281,#1282,#708,.T.);
#1567=EDGE_CURVE('',#1282,#1283,#112,.T.);
#1568=EDGE_CURVE('',#1283,#1284,#709,.T.);
#1569=EDGE_CURVE('',#1284,#1277,#113,.T.);
#1570=EDGE_CURVE('',#1285,#1286,#710,.T.);
#1571=EDGE_CURVE('',#1286,#1287,#114,.T.);
#1572=EDGE_CURVE('',#1287,#1288,#711,.T.);
#1573=EDGE_CURVE('',#1288,#1289,#115,.T.);
#1574=EDGE_CURVE('',#1289,#1290,#712,.T.);
#1575=EDGE_CURVE('',#1290,#1291,#116,.T.);
#1576=EDGE_CURVE('',#1291,#1292,#713,.T.);
#1577=EDGE_CURVE('',#1292,#1285,#117,.T.);
#1578=EDGE_CURVE('',#1293,#1294,#714,.T.);
#1579=EDGE_CURVE('',#1294,#1295,#118,.T.);
#1580=EDGE_CURVE('',#1295,#1296,#715,.T.);
#1581=EDGE_CURVE('',#1296,#1297,#119,.T.);
#1582=EDGE_CURVE('',#1297,#1298,#716,.T.);
#1583=EDGE_CURVE('',#1298,#1299,#120,.T.);
#1584=EDGE_CURVE('',#1299,#1300,#717,.T.);
#1585=EDGE_CURVE('',#1300,#1293,#121,.T.);
#1586=EDGE_CURVE('',#1301,#1173,#122,.T.);
#1587=EDGE_CURVE('',#1301,#1302,#718,.T.);
#1588=EDGE_CURVE('',#1302,#1171,#123,.F.);
#1589=EDGE_CURVE('',#1303,#1302,#124,.F.);
#1590=EDGE_CURVE('',#1171,#1303,#125,.F.);
#1591=EDGE_CURVE('',#1304,#1170,#126,.F.);
#1592=EDGE_CURVE('',#1303,#1304,#719,.T.);
#1593=EDGE_CURVE('',#1305,#1304,#127,.F.);
#1594=EDGE_CURVE('',#1170,#1305,#128,.F.);
#1595=EDGE_CURVE('',#1172,#1306,#129,.T.);
#1596=EDGE_CURVE('',#1305,#1306,#720,.T.);
#1597=EDGE_CURVE('',#1306,#1307,#130,.T.);
#1598=EDGE_CURVE('',#1172,#1307,#131,.T.);
#1599=EDGE_CURVE('',#1307,#1308,#721,.T.);
#1600=EDGE_CURVE('',#1173,#1308,#132,.T.);
#1601=EDGE_CURVE('',#1301,#1308,#133,.T.);
#1602=EDGE_CURVE('',#1309,#1309,#134,.T.);
#1603=EDGE_CURVE('',#1309,#1198,#722,.T.);
#1604=EDGE_CURVE('',#1310,#1310,#135,.T.);
#1605=EDGE_CURVE('',#1310,#1199,#723,.T.);
#1606=EDGE_CURVE('',#1311,#1311,#136,.T.);
#1607=EDGE_CURVE('',#1311,#1200,#724,.T.);
#1608=EDGE_CURVE('',#1312,#1313,#725,.T.);
#1609=EDGE_CURVE('',#1313,#1203,#726,.T.);
#1610=EDGE_CURVE('',#1312,#1202,#727,.T.);
#1611=EDGE_CURVE('',#1313,#1314,#728,.T.);
#1612=EDGE_CURVE('',#1314,#1204,#729,.T.);
#1613=EDGE_CURVE('',#1314,#1315,#730,.T.);
#1614=EDGE_CURVE('',#1315,#1201,#731,.T.);
#1615=EDGE_CURVE('',#1315,#1312,#732,.T.);
#1616=EDGE_CURVE('',#1316,#1317,#137,.T.);
#1617=EDGE_CURVE('',#1316,#1207,#733,.T.);
#1618=EDGE_CURVE('',#1317,#1206,#734,.T.);
#1619=EDGE_CURVE('',#1316,#1318,#735,.T.);
#1620=EDGE_CURVE('',#1318,#1208,#736,.T.);
#1621=EDGE_CURVE('',#1319,#1318,#138,.T.);
#1622=EDGE_CURVE('',#1319,#1209,#737,.T.);
#1623=EDGE_CURVE('',#1320,#1319,#738,.T.);
#1624=EDGE_CURVE('',#1320,#1210,#739,.T.);
#1625=EDGE_CURVE('',#1321,#1320,#139,.T.);
#1626=EDGE_CURVE('',#1321,#1211,#740,.T.);
#1627=EDGE_CURVE('',#1322,#1321,#741,.T.);
#1628=EDGE_CURVE('',#1322,#1212,#742,.T.);
#1629=EDGE_CURVE('',#1323,#1322,#140,.T.);
#1630=EDGE_CURVE('',#1323,#1205,#743,.T.);
#1631=EDGE_CURVE('',#1323,#1317,#744,.T.);
#1632=EDGE_CURVE('',#1324,#1325,#141,.T.);
#1633=EDGE_CURVE('',#1324,#1215,#745,.T.);
#1634=EDGE_CURVE('',#1325,#1214,#746,.T.);
#1635=EDGE_CURVE('',#1324,#1326,#747,.T.);
#1636=EDGE_CURVE('',#1326,#1216,#748,.T.);
#1637=EDGE_CURVE('',#1327,#1326,#142,.T.);
#1638=EDGE_CURVE('',#1327,#1217,#749,.T.);
#1639=EDGE_CURVE('',#1328,#1327,#750,.T.);
#1640=EDGE_CURVE('',#1328,#1218,#751,.T.);
#1641=EDGE_CURVE('',#1329,#1328,#143,.T.);
#1642=EDGE_CURVE('',#1329,#1219,#752,.T.);
#1643=EDGE_CURVE('',#1330,#1329,#753,.T.);
#1644=EDGE_CURVE('',#1330,#1220,#754,.T.);
#1645=EDGE_CURVE('',#1331,#1330,#144,.T.);
#1646=EDGE_CURVE('',#1331,#1213,#755,.T.);
#1647=EDGE_CURVE('',#1331,#1325,#756,.T.);
#1648=EDGE_CURVE('',#1332,#1333,#145,.T.);
#1649=EDGE_CURVE('',#1332,#1223,#757,.T.);
#1650=EDGE_CURVE('',#1333,#1222,#758,.T.);
#1651=EDGE_CURVE('',#1332,#1334,#759,.T.);
#1652=EDGE_CURVE('',#1334,#1224,#760,.T.);
#1653=EDGE_CURVE('',#1335,#1334,#146,.T.);
#1654=EDGE_CURVE('',#1335,#1225,#761,.T.);
#1655=EDGE_CURVE('',#1336,#1335,#762,.T.);
#1656=EDGE_CURVE('',#1336,#1226,#763,.T.);
#1657=EDGE_CURVE('',#1337,#1336,#147,.T.);
#1658=EDGE_CURVE('',#1337,#1227,#764,.T.);
#1659=EDGE_CURVE('',#1338,#1337,#765,.T.);
#1660=EDGE_CURVE('',#1338,#1228,#766,.T.);
#1661=EDGE_CURVE('',#1339,#1338,#148,.T.);
#1662=EDGE_CURVE('',#1339,#1221,#767,.T.);
#1663=EDGE_CURVE('',#1339,#1333,#768,.T.);
#1664=EDGE_CURVE('',#1340,#1341,#149,.T.);
#1665=EDGE_CURVE('',#1340,#1231,#769,.T.);
#1666=EDGE_CURVE('',#1341,#1230,#770,.T.);
#1667=EDGE_CURVE('',#1340,#1342,#771,.T.);
#1668=EDGE_CURVE('',#1342,#1232,#772,.T.);
#1669=EDGE_CURVE('',#1343,#1342,#150,.T.);
#1670=EDGE_CURVE('',#1343,#1233,#773,.T.);
#1671=EDGE_CURVE('',#1344,#1343,#774,.T.);
#1672=EDGE_CURVE('',#1344,#1234,#775,.T.);
#1673=EDGE_CURVE('',#1345,#1344,#151,.T.);
#1674=EDGE_CURVE('',#1345,#1235,#776,.T.);
#1675=EDGE_CURVE('',#1346,#1345,#777,.T.);
#1676=EDGE_CURVE('',#1346,#1236,#778,.T.);
#1677=EDGE_CURVE('',#1347,#1346,#152,.T.);
#1678=EDGE_CURVE('',#1347,#1229,#779,.T.);
#1679=EDGE_CURVE('',#1347,#1341,#780,.T.);
#1680=EDGE_CURVE('',#1348,#1349,#153,.T.);
#1681=EDGE_CURVE('',#1348,#1239,#781,.T.);
#1682=EDGE_CURVE('',#1349,#1238,#782,.T.);
#1683=EDGE_CURVE('',#1348,#1350,#783,.T.);
#1684=EDGE_CURVE('',#1350,#1240,#784,.T.);
#1685=EDGE_CURVE('',#1351,#1350,#154,.T.);
#1686=EDGE_CURVE('',#1351,#1241,#785,.T.);
#1687=EDGE_CURVE('',#1352,#1351,#786,.T.);
#1688=EDGE_CURVE('',#1352,#1242,#787,.T.);
#1689=EDGE_CURVE('',#1353,#1352,#155,.T.);
#1690=EDGE_CURVE('',#1353,#1243,#788,.T.);
#1691=EDGE_CURVE('',#1354,#1353,#789,.T.);
#1692=EDGE_CURVE('',#1354,#1244,#790,.T.);
#1693=EDGE_CURVE('',#1355,#1354,#156,.T.);
#1694=EDGE_CURVE('',#1355,#1237,#791,.T.);
#1695=EDGE_CURVE('',#1355,#1349,#792,.T.);
#1696=EDGE_CURVE('',#1356,#1357,#157,.T.);
#1697=EDGE_CURVE('',#1356,#1247,#793,.T.);
#1698=EDGE_CURVE('',#1357,#1246,#794,.T.);
#1699=EDGE_CURVE('',#1356,#1358,#795,.T.);
#1700=EDGE_CURVE('',#1358,#1248,#796,.T.);
#1701=EDGE_CURVE('',#1359,#1358,#158,.T.);
#1702=EDGE_CURVE('',#1359,#1249,#797,.T.);
#1703=EDGE_CURVE('',#1360,#1359,#798,.T.);
#1704=EDGE_CURVE('',#1360,#1250,#799,.T.);
#1705=EDGE_CURVE('',#1361,#1360,#159,.T.);
#1706=EDGE_CURVE('',#1361,#1251,#800,.T.);
#1707=EDGE_CURVE('',#1362,#1361,#801,.T.);
#1708=EDGE_CURVE('',#1362,#1252,#802,.T.);
#1709=EDGE_CURVE('',#1363,#1362,#160,.T.);
#1710=EDGE_CURVE('',#1363,#1245,#803,.T.);
#1711=EDGE_CURVE('',#1363,#1357,#804,.T.);
#1712=EDGE_CURVE('',#1364,#1365,#161,.T.);
#1713=EDGE_CURVE('',#1364,#1255,#805,.T.);
#1714=EDGE_CURVE('',#1365,#1254,#806,.T.);
#1715=EDGE_CURVE('',#1364,#1366,#807,.T.);
#1716=EDGE_CURVE('',#1366,#1256,#808,.T.);
#1717=EDGE_CURVE('',#1367,#1366,#162,.T.);
#1718=EDGE_CURVE('',#1367,#1257,#809,.T.);
#1719=EDGE_CURVE('',#1368,#1367,#810,.T.);
#1720=EDGE_CURVE('',#1368,#1258,#811,.T.);
#1721=EDGE_CURVE('',#1369,#1368,#163,.T.);
#1722=EDGE_CURVE('',#1369,#1259,#812,.T.);
#1723=EDGE_CURVE('',#1370,#1369,#813,.T.);
#1724=EDGE_CURVE('',#1370,#1260,#814,.T.);
#1725=EDGE_CURVE('',#1371,#1370,#164,.T.);
#1726=EDGE_CURVE('',#1371,#1253,#815,.T.);
#1727=EDGE_CURVE('',#1371,#1365,#816,.T.);
#1728=EDGE_CURVE('',#1372,#1373,#165,.T.);
#1729=EDGE_CURVE('',#1372,#1263,#817,.T.);
#1730=EDGE_CURVE('',#1373,#1262,#818,.T.);
#1731=EDGE_CURVE('',#1372,#1374,#819,.T.);
#1732=EDGE_CURVE('',#1374,#1264,#820,.T.);
#1733=EDGE_CURVE('',#1375,#1374,#166,.T.);
#1734=EDGE_CURVE('',#1375,#1265,#821,.T.);
#1735=EDGE_CURVE('',#1376,#1375,#822,.T.);
#1736=EDGE_CURVE('',#1376,#1266,#823,.T.);
#1737=EDGE_CURVE('',#1377,#1376,#167,.T.);
#1738=EDGE_CURVE('',#1377,#1267,#824,.T.);
#1739=EDGE_CURVE('',#1378,#1377,#825,.T.);
#1740=EDGE_CURVE('',#1378,#1268,#826,.T.);
#1741=EDGE_CURVE('',#1379,#1378,#168,.T.);
#1742=EDGE_CURVE('',#1379,#1261,#827,.T.);
#1743=EDGE_CURVE('',#1379,#1373,#828,.T.);
#1744=EDGE_CURVE('',#1380,#1381,#169,.T.);
#1745=EDGE_CURVE('',#1380,#1271,#829,.T.);
#1746=EDGE_CURVE('',#1381,#1270,#830,.T.);
#1747=EDGE_CURVE('',#1380,#1382,#831,.T.);
#1748=EDGE_CURVE('',#1382,#1272,#832,.T.);
#1749=EDGE_CURVE('',#1383,#1382,#170,.T.);
#1750=EDGE_CURVE('',#1383,#1273,#833,.T.);
#1751=EDGE_CURVE('',#1384,#1383,#834,.T.);
#1752=EDGE_CURVE('',#1384,#1274,#835,.T.);
#1753=EDGE_CURVE('',#1385,#1384,#171,.T.);
#1754=EDGE_CURVE('',#1385,#1275,#836,.T.);
#1755=EDGE_CURVE('',#1386,#1385,#837,.T.);
#1756=EDGE_CURVE('',#1386,#1276,#838,.T.);
#1757=EDGE_CURVE('',#1387,#1386,#172,.T.);
#1758=EDGE_CURVE('',#1387,#1269,#839,.T.);
#1759=EDGE_CURVE('',#1387,#1381,#840,.T.);
#1760=EDGE_CURVE('',#1388,#1389,#173,.T.);
#1761=EDGE_CURVE('',#1388,#1279,#841,.T.);
#1762=EDGE_CURVE('',#1389,#1278,#842,.T.);
#1763=EDGE_CURVE('',#1388,#1390,#843,.T.);
#1764=EDGE_CURVE('',#1390,#1280,#844,.T.);
#1765=EDGE_CURVE('',#1391,#1390,#174,.T.);
#1766=EDGE_CURVE('',#1391,#1281,#845,.T.);
#1767=EDGE_CURVE('',#1392,#1391,#846,.T.);
#1768=EDGE_CURVE('',#1392,#1282,#847,.T.);
#1769=EDGE_CURVE('',#1393,#1392,#175,.T.);
#1770=EDGE_CURVE('',#1393,#1283,#848,.T.);
#1771=EDGE_CURVE('',#1394,#1393,#849,.T.);
#1772=EDGE_CURVE('',#1394,#1284,#850,.T.);
#1773=EDGE_CURVE('',#1395,#1394,#176,.T.);
#1774=EDGE_CURVE('',#1395,#1277,#851,.T.);
#1775=EDGE_CURVE('',#1395,#1389,#852,.T.);
#1776=EDGE_CURVE('',#1396,#1397,#177,.T.);
#1777=EDGE_CURVE('',#1396,#1287,#853,.T.);
#1778=EDGE_CURVE('',#1397,#1286,#854,.T.);
#1779=EDGE_CURVE('',#1396,#1398,#855,.T.);
#1780=EDGE_CURVE('',#1398,#1288,#856,.T.);
#1781=EDGE_CURVE('',#1399,#1398,#178,.T.);
#1782=EDGE_CURVE('',#1399,#1289,#857,.T.);
#1783=EDGE_CURVE('',#1400,#1399,#858,.T.);
#1784=EDGE_CURVE('',#1400,#1290,#859,.T.);
#1785=EDGE_CURVE('',#1401,#1400,#179,.T.);
#1786=EDGE_CURVE('',#1401,#1291,#860,.T.);
#1787=EDGE_CURVE('',#1402,#1401,#861,.T.);
#1788=EDGE_CURVE('',#1402,#1292,#862,.T.);
#1789=EDGE_CURVE('',#1403,#1402,#180,.T.);
#1790=EDGE_CURVE('',#1403,#1285,#863,.T.);
#1791=EDGE_CURVE('',#1403,#1397,#864,.T.);
#1792=EDGE_CURVE('',#1404,#1405,#181,.T.);
#1793=EDGE_CURVE('',#1404,#1295,#865,.T.);
#1794=EDGE_CURVE('',#1405,#1294,#866,.T.);
#1795=EDGE_CURVE('',#1404,#1406,#867,.T.);
#1796=EDGE_CURVE('',#1406,#1296,#868,.T.);
#1797=EDGE_CURVE('',#1407,#1406,#182,.T.);
#1798=EDGE_CURVE('',#1407,#1297,#869,.T.);
#1799=EDGE_CURVE('',#1408,#1407,#870,.T.);
#1800=EDGE_CURVE('',#1408,#1298,#871,.T.);
#1801=EDGE_CURVE('',#1409,#1408,#183,.T.);
#1802=EDGE_CURVE('',#1409,#1299,#872,.T.);
#1803=EDGE_CURVE('',#1410,#1409,#873,.T.);
#1804=EDGE_CURVE('',#1410,#1300,#874,.T.);
#1805=EDGE_CURVE('',#1411,#1410,#184,.T.);
#1806=EDGE_CURVE('',#1411,#1293,#875,.T.);
#1807=EDGE_CURVE('',#1411,#1405,#876,.T.);
#1808=EDGE_CURVE('',#1412,#1301,#877,.T.);
#1809=EDGE_CURVE('',#1413,#1412,#878,.T.);
#1810=EDGE_CURVE('',#1302,#1413,#879,.T.);
#1811=EDGE_CURVE('',#1413,#1414,#185,.T.);
#1812=EDGE_CURVE('',#1414,#1303,#880,.T.);
#1813=EDGE_CURVE('',#1415,#1414,#881,.T.);
#1814=EDGE_CURVE('',#1304,#1415,#882,.T.);
#1815=EDGE_CURVE('',#1415,#1416,#186,.T.);
#1816=EDGE_CURVE('',#1416,#1305,#883,.T.);
#1817=EDGE_CURVE('',#1306,#1417,#884,.T.);
#1818=EDGE_CURVE('',#1417,#1416,#885,.T.);
#1819=EDGE_CURVE('',#1417,#1418,#187,.T.);
#1820=EDGE_CURVE('',#1418,#1307,#886,.T.);
#1821=EDGE_CURVE('',#1308,#1419,#887,.T.);
#1822=EDGE_CURVE('',#1419,#1418,#888,.T.);
#1823=EDGE_CURVE('',#1419,#1412,#188,.T.);
#1824=EDGE_CURVE('',#1420,#1420,#189,.T.);
#1825=EDGE_CURVE('',#1420,#1421,#889,.T.);
#1826=EDGE_CURVE('',#1421,#1421,#190,.T.);
#1827=ORIENTED_EDGE('',*,*,#1422,.T.);
#1828=ORIENTED_EDGE('',*,*,#1423,.T.);
#1829=ORIENTED_EDGE('',*,*,#1424,.T.);
#1830=ORIENTED_EDGE('',*,*,#1425,.F.);
#1831=ORIENTED_EDGE('',*,*,#1426,.T.);
#1832=ORIENTED_EDGE('',*,*,#1427,.T.);
#1833=ORIENTED_EDGE('',*,*,#1428,.T.);
#1834=ORIENTED_EDGE('',*,*,#1423,.F.);
#1835=ORIENTED_EDGE('',*,*,#1429,.T.);
#1836=ORIENTED_EDGE('',*,*,#1430,.T.);
#1837=ORIENTED_EDGE('',*,*,#1431,.T.);
#1838=ORIENTED_EDGE('',*,*,#1427,.F.);
#1839=ORIENTED_EDGE('',*,*,#1432,.T.);
#1840=ORIENTED_EDGE('',*,*,#1430,.F.);
#1841=ORIENTED_EDGE('',*,*,#1433,.T.);
#1842=ORIENTED_EDGE('',*,*,#1425,.T.);
#1843=ORIENTED_EDGE('',*,*,#1432,.F.);
#1844=ORIENTED_EDGE('',*,*,#1434,.F.);
#1845=ORIENTED_EDGE('',*,*,#1435,.T.);
#1846=ORIENTED_EDGE('',*,*,#1436,.T.);
#1847=ORIENTED_EDGE('',*,*,#1424,.F.);
#1848=ORIENTED_EDGE('',*,*,#1437,.T.);
#1849=ORIENTED_EDGE('',*,*,#1438,.T.);
#1850=ORIENTED_EDGE('',*,*,#1434,.T.);
#1851=ORIENTED_EDGE('',*,*,#1439,.F.);
#1852=ORIENTED_EDGE('',*,*,#1440,.F.);
#1853=ORIENTED_EDGE('',*,*,#1441,.F.);
#1854=ORIENTED_EDGE('',*,*,#1442,.F.);
#1855=ORIENTED_EDGE('',*,*,#1443,.F.);
#1856=ORIENTED_EDGE('',*,*,#1444,.T.);
#1857=ORIENTED_EDGE('',*,*,#1445,.T.);
#1858=ORIENTED_EDGE('',*,*,#1446,.T.);
#1859=ORIENTED_EDGE('',*,*,#1447,.T.);
#1860=ORIENTED_EDGE('',*,*,#1422,.F.);
#1861=ORIENTED_EDGE('',*,*,#1433,.F.);
#1862=ORIENTED_EDGE('',*,*,#1429,.F.);
#1863=ORIENTED_EDGE('',*,*,#1426,.F.);
#1864=ORIENTED_EDGE('',*,*,#1431,.F.);
#1865=ORIENTED_EDGE('',*,*,#1436,.F.);
#1866=ORIENTED_EDGE('',*,*,#1448,.T.);
#1867=ORIENTED_EDGE('',*,*,#1449,.T.);
#1868=ORIENTED_EDGE('',*,*,#1428,.F.);
#1869=ORIENTED_EDGE('',*,*,#1449,.F.);
#1870=ORIENTED_EDGE('',*,*,#1450,.T.);
#1871=ORIENTED_EDGE('',*,*,#1437,.F.);
#1872=ORIENTED_EDGE('',*,*,#1451,.T.);
#1873=ORIENTED_EDGE('',*,*,#1452,.T.);
#1874=ORIENTED_EDGE('',*,*,#1443,.T.);
#1875=ORIENTED_EDGE('',*,*,#1452,.F.);
#1876=ORIENTED_EDGE('',*,*,#1451,.F.);
#1877=ORIENTED_EDGE('',*,*,#1453,.T.);
#1878=ORIENTED_EDGE('',*,*,#1454,.T.);
#1879=ORIENTED_EDGE('',*,*,#1453,.F.);
#1880=ORIENTED_EDGE('',*,*,#1454,.F.);
#1881=ORIENTED_EDGE('',*,*,#1455,.F.);
#1882=ORIENTED_EDGE('',*,*,#1435,.F.);
#1883=ORIENTED_EDGE('',*,*,#1456,.F.);
#1884=ORIENTED_EDGE('',*,*,#1457,.F.);
#1885=ORIENTED_EDGE('',*,*,#1458,.T.);
#1886=ORIENTED_EDGE('',*,*,#1438,.F.);
#1887=ORIENTED_EDGE('',*,*,#1459,.F.);
#1888=ORIENTED_EDGE('',*,*,#1460,.F.);
#1889=ORIENTED_EDGE('',*,*,#1456,.T.);
#1890=ORIENTED_EDGE('',*,*,#1448,.F.);
#1891=ORIENTED_EDGE('',*,*,#1458,.F.);
#1892=ORIENTED_EDGE('',*,*,#1461,.F.);
#1893=ORIENTED_EDGE('',*,*,#1462,.T.);
#1894=ORIENTED_EDGE('',*,*,#1450,.F.);
#1895=ORIENTED_EDGE('',*,*,#1462,.F.);
#1896=ORIENTED_EDGE('',*,*,#1463,.F.);
#1897=ORIENTED_EDGE('',*,*,#1459,.T.);
#1898=ORIENTED_EDGE('',*,*,#1464,.F.);
#1899=ORIENTED_EDGE('',*,*,#1465,.T.);
#1900=ORIENTED_EDGE('',*,*,#1466,.T.);
#1901=ORIENTED_EDGE('',*,*,#1465,.F.);
#1902=ORIENTED_EDGE('',*,*,#1466,.F.);
#1903=ORIENTED_EDGE('',*,*,#1467,.F.);
#1904=ORIENTED_EDGE('',*,*,#1468,.T.);
#1905=ORIENTED_EDGE('',*,*,#1469,.T.);
#1906=ORIENTED_EDGE('',*,*,#1468,.F.);
#1907=ORIENTED_EDGE('',*,*,#1469,.F.);
#1908=ORIENTED_EDGE('',*,*,#1470,.F.);
#1909=ORIENTED_EDGE('',*,*,#1471,.T.);
#1910=ORIENTED_EDGE('',*,*,#1472,.T.);
#1911=ORIENTED_EDGE('',*,*,#1471,.F.);
#1912=ORIENTED_EDGE('',*,*,#1455,.T.);
#1913=ORIENTED_EDGE('',*,*,#1473,.T.);
#1914=ORIENTED_EDGE('',*,*,#1474,.F.);
#1915=ORIENTED_EDGE('',*,*,#1473,.F.);
#1916=ORIENTED_EDGE('',*,*,#1475,.F.);
#1917=ORIENTED_EDGE('',*,*,#1476,.T.);
#1918=ORIENTED_EDGE('',*,*,#1446,.F.);
#1919=ORIENTED_EDGE('',*,*,#1477,.F.);
#1920=ORIENTED_EDGE('',*,*,#1478,.F.);
#1921=ORIENTED_EDGE('',*,*,#1479,.T.);
#1922=ORIENTED_EDGE('',*,*,#1447,.F.);
#1923=ORIENTED_EDGE('',*,*,#1476,.F.);
#1924=ORIENTED_EDGE('',*,*,#1480,.F.);
#1925=ORIENTED_EDGE('',*,*,#1481,.T.);
#1926=ORIENTED_EDGE('',*,*,#1444,.F.);
#1927=ORIENTED_EDGE('',*,*,#1479,.F.);
#1928=ORIENTED_EDGE('',*,*,#1482,.F.);
#1929=ORIENTED_EDGE('',*,*,#1477,.T.);
#1930=ORIENTED_EDGE('',*,*,#1445,.F.);
#1931=ORIENTED_EDGE('',*,*,#1481,.F.);
#1932=ORIENTED_EDGE('',*,*,#1483,.F.);
#1933=ORIENTED_EDGE('',*,*,#1467,.T.);
#1934=ORIENTED_EDGE('',*,*,#1484,.F.);
#1935=ORIENTED_EDGE('',*,*,#1464,.T.);
#1936=ORIENTED_EDGE('',*,*,#1485,.F.);
#1937=ORIENTED_EDGE('',*,*,#1486,.T.);
#1938=ORIENTED_EDGE('',*,*,#1487,.T.);
#1939=ORIENTED_EDGE('',*,*,#1488,.T.);
#1940=ORIENTED_EDGE('',*,*,#1489,.T.);
#1941=ORIENTED_EDGE('',*,*,#1460,.T.);
#1942=ORIENTED_EDGE('',*,*,#1463,.T.);
#1943=ORIENTED_EDGE('',*,*,#1461,.T.);
#1944=ORIENTED_EDGE('',*,*,#1457,.T.);
#1945=ORIENTED_EDGE('',*,*,#1474,.T.);
#1946=ORIENTED_EDGE('',*,*,#1482,.T.);
#1947=ORIENTED_EDGE('',*,*,#1480,.T.);
#1948=ORIENTED_EDGE('',*,*,#1478,.T.);
#1949=ORIENTED_EDGE('',*,*,#1475,.T.);
#1950=ORIENTED_EDGE('',*,*,#1490,.T.);
#1951=ORIENTED_EDGE('',*,*,#1491,.T.);
#1952=ORIENTED_EDGE('',*,*,#1492,.T.);
#1953=ORIENTED_EDGE('',*,*,#1493,.T.);
#1954=ORIENTED_EDGE('',*,*,#1494,.T.);
#1955=ORIENTED_EDGE('',*,*,#1495,.T.);
#1956=ORIENTED_EDGE('',*,*,#1496,.T.);
#1957=ORIENTED_EDGE('',*,*,#1497,.T.);
#1958=ORIENTED_EDGE('',*,*,#1498,.T.);
#1959=ORIENTED_EDGE('',*,*,#1499,.T.);
#1960=ORIENTED_EDGE('',*,*,#1500,.T.);
#1961=ORIENTED_EDGE('',*,*,#1501,.T.);
#1962=ORIENTED_EDGE('',*,*,#1502,.T.);
#1963=ORIENTED_EDGE('',*,*,#1503,.T.);
#1964=ORIENTED_EDGE('',*,*,#1504,.T.);
#1965=ORIENTED_EDGE('',*,*,#1505,.T.);
#1966=ORIENTED_EDGE('',*,*,#1506,.T.);
#1967=ORIENTED_EDGE('',*,*,#1507,.T.);
#1968=ORIENTED_EDGE('',*,*,#1508,.T.);
#1969=ORIENTED_EDGE('',*,*,#1509,.T.);
#1970=ORIENTED_EDGE('',*,*,#1510,.T.);
#1971=ORIENTED_EDGE('',*,*,#1511,.T.);
#1972=ORIENTED_EDGE('',*,*,#1512,.T.);
#1973=ORIENTED_EDGE('',*,*,#1513,.T.);
#1974=ORIENTED_EDGE('',*,*,#1514,.T.);
#1975=ORIENTED_EDGE('',*,*,#1515,.T.);
#1976=ORIENTED_EDGE('',*,*,#1516,.T.);
#1977=ORIENTED_EDGE('',*,*,#1517,.T.);
#1978=ORIENTED_EDGE('',*,*,#1518,.T.);
#1979=ORIENTED_EDGE('',*,*,#1519,.T.);
#1980=ORIENTED_EDGE('',*,*,#1520,.T.);
#1981=ORIENTED_EDGE('',*,*,#1521,.T.);
#1982=ORIENTED_EDGE('',*,*,#1522,.T.);
#1983=ORIENTED_EDGE('',*,*,#1523,.T.);
#1984=ORIENTED_EDGE('',*,*,#1524,.T.);
#1985=ORIENTED_EDGE('',*,*,#1525,.T.);
#1986=ORIENTED_EDGE('',*,*,#1526,.T.);
#1987=ORIENTED_EDGE('',*,*,#1527,.T.);
#1988=ORIENTED_EDGE('',*,*,#1528,.T.);
#1989=ORIENTED_EDGE('',*,*,#1529,.T.);
#1990=ORIENTED_EDGE('',*,*,#1530,.T.);
#1991=ORIENTED_EDGE('',*,*,#1531,.T.);
#1992=ORIENTED_EDGE('',*,*,#1532,.T.);
#1993=ORIENTED_EDGE('',*,*,#1533,.T.);
#1994=ORIENTED_EDGE('',*,*,#1534,.T.);
#1995=ORIENTED_EDGE('',*,*,#1535,.T.);
#1996=ORIENTED_EDGE('',*,*,#1536,.T.);
#1997=ORIENTED_EDGE('',*,*,#1537,.T.);
#1998=ORIENTED_EDGE('',*,*,#1538,.T.);
#1999=ORIENTED_EDGE('',*,*,#1539,.T.);
#2000=ORIENTED_EDGE('',*,*,#1540,.T.);
#2001=ORIENTED_EDGE('',*,*,#1541,.T.);
#2002=ORIENTED_EDGE('',*,*,#1542,.T.);
#2003=ORIENTED_EDGE('',*,*,#1543,.T.);
#2004=ORIENTED_EDGE('',*,*,#1544,.T.);
#2005=ORIENTED_EDGE('',*,*,#1545,.T.);
#2006=ORIENTED_EDGE('',*,*,#1546,.T.);
#2007=ORIENTED_EDGE('',*,*,#1547,.T.);
#2008=ORIENTED_EDGE('',*,*,#1548,.T.);
#2009=ORIENTED_EDGE('',*,*,#1549,.T.);
#2010=ORIENTED_EDGE('',*,*,#1550,.T.);
#2011=ORIENTED_EDGE('',*,*,#1551,.T.);
#2012=ORIENTED_EDGE('',*,*,#1552,.T.);
#2013=ORIENTED_EDGE('',*,*,#1553,.T.);
#2014=ORIENTED_EDGE('',*,*,#1554,.T.);
#2015=ORIENTED_EDGE('',*,*,#1555,.T.);
#2016=ORIENTED_EDGE('',*,*,#1556,.T.);
#2017=ORIENTED_EDGE('',*,*,#1557,.T.);
#2018=ORIENTED_EDGE('',*,*,#1558,.T.);
#2019=ORIENTED_EDGE('',*,*,#1559,.T.);
#2020=ORIENTED_EDGE('',*,*,#1560,.T.);
#2021=ORIENTED_EDGE('',*,*,#1561,.T.);
#2022=ORIENTED_EDGE('',*,*,#1562,.T.);
#2023=ORIENTED_EDGE('',*,*,#1563,.T.);
#2024=ORIENTED_EDGE('',*,*,#1564,.T.);
#2025=ORIENTED_EDGE('',*,*,#1565,.T.);
#2026=ORIENTED_EDGE('',*,*,#1566,.T.);
#2027=ORIENTED_EDGE('',*,*,#1567,.T.);
#2028=ORIENTED_EDGE('',*,*,#1568,.T.);
#2029=ORIENTED_EDGE('',*,*,#1569,.T.);
#2030=ORIENTED_EDGE('',*,*,#1570,.T.);
#2031=ORIENTED_EDGE('',*,*,#1571,.T.);
#2032=ORIENTED_EDGE('',*,*,#1572,.T.);
#2033=ORIENTED_EDGE('',*,*,#1573,.T.);
#2034=ORIENTED_EDGE('',*,*,#1574,.T.);
#2035=ORIENTED_EDGE('',*,*,#1575,.T.);
#2036=ORIENTED_EDGE('',*,*,#1576,.T.);
#2037=ORIENTED_EDGE('',*,*,#1577,.T.);
#2038=ORIENTED_EDGE('',*,*,#1578,.T.);
#2039=ORIENTED_EDGE('',*,*,#1579,.T.);
#2040=ORIENTED_EDGE('',*,*,#1580,.T.);
#2041=ORIENTED_EDGE('',*,*,#1581,.T.);
#2042=ORIENTED_EDGE('',*,*,#1582,.T.);
#2043=ORIENTED_EDGE('',*,*,#1583,.T.);
#2044=ORIENTED_EDGE('',*,*,#1584,.T.);
#2045=ORIENTED_EDGE('',*,*,#1585,.T.);
#2046=ORIENTED_EDGE('',*,*,#1586,.F.);
#2047=ORIENTED_EDGE('',*,*,#1587,.T.);
#2048=ORIENTED_EDGE('',*,*,#1588,.T.);
#2049=ORIENTED_EDGE('',*,*,#1442,.T.);
#2050=ORIENTED_EDGE('',*,*,#1588,.F.);
#2051=ORIENTED_EDGE('',*,*,#1589,.F.);
#2052=ORIENTED_EDGE('',*,*,#1590,.F.);
#2053=ORIENTED_EDGE('',*,*,#1591,.T.);
#2054=ORIENTED_EDGE('',*,*,#1439,.T.);
#2055=ORIENTED_EDGE('',*,*,#1590,.T.);
#2056=ORIENTED_EDGE('',*,*,#1592,.T.);
#2057=ORIENTED_EDGE('',*,*,#1591,.F.);
#2058=ORIENTED_EDGE('',*,*,#1593,.F.);
#2059=ORIENTED_EDGE('',*,*,#1594,.F.);
#2060=ORIENTED_EDGE('',*,*,#1595,.F.);
#2061=ORIENTED_EDGE('',*,*,#1440,.T.);
#2062=ORIENTED_EDGE('',*,*,#1594,.T.);
#2063=ORIENTED_EDGE('',*,*,#1596,.T.);
#2064=ORIENTED_EDGE('',*,*,#1597,.T.);
#2065=ORIENTED_EDGE('',*,*,#1598,.F.);
#2066=ORIENTED_EDGE('',*,*,#1595,.T.);
#2067=ORIENTED_EDGE('',*,*,#1598,.T.);
#2068=ORIENTED_EDGE('',*,*,#1599,.T.);
#2069=ORIENTED_EDGE('',*,*,#1600,.F.);
#2070=ORIENTED_EDGE('',*,*,#1441,.T.);
#2071=ORIENTED_EDGE('',*,*,#1600,.T.);
#2072=ORIENTED_EDGE('',*,*,#1601,.F.);
#2073=ORIENTED_EDGE('',*,*,#1586,.T.);
#2074=ORIENTED_EDGE('',*,*,#1602,.F.);
#2075=ORIENTED_EDGE('',*,*,#1603,.T.);
#2076=ORIENTED_EDGE('',*,*,#1483,.T.);
#2077=ORIENTED_EDGE('',*,*,#1603,.F.);
#2078=ORIENTED_EDGE('',*,*,#1604,.F.);
#2079=ORIENTED_EDGE('',*,*,#1605,.T.);
#2080=ORIENTED_EDGE('',*,*,#1484,.T.);
#2081=ORIENTED_EDGE('',*,*,#1605,.F.);
#2082=ORIENTED_EDGE('',*,*,#1606,.F.);
#2083=ORIENTED_EDGE('',*,*,#1607,.T.);
#2084=ORIENTED_EDGE('',*,*,#1485,.T.);
#2085=ORIENTED_EDGE('',*,*,#1607,.F.);
#2086=ORIENTED_EDGE('',*,*,#1608,.T.);
#2087=ORIENTED_EDGE('',*,*,#1609,.T.);
#2088=ORIENTED_EDGE('',*,*,#1487,.F.);
#2089=ORIENTED_EDGE('',*,*,#1610,.F.);
#2090=ORIENTED_EDGE('',*,*,#1611,.T.);
#2091=ORIENTED_EDGE('',*,*,#1612,.T.);
#2092=ORIENTED_EDGE('',*,*,#1488,.F.);
#2093=ORIENTED_EDGE('',*,*,#1609,.F.);
#2094=ORIENTED_EDGE('',*,*,#1613,.T.);
#2095=ORIENTED_EDGE('',*,*,#1614,.T.);
#2096=ORIENTED_EDGE('',*,*,#1489,.F.);
#2097=ORIENTED_EDGE('',*,*,#1612,.F.);
#2098=ORIENTED_EDGE('',*,*,#1615,.T.);
#2099=ORIENTED_EDGE('',*,*,#1610,.T.);
#2100=ORIENTED_EDGE('',*,*,#1486,.F.);
#2101=ORIENTED_EDGE('',*,*,#1614,.F.);
#2102=ORIENTED_EDGE('',*,*,#1616,.F.);
#2103=ORIENTED_EDGE('',*,*,#1617,.T.);
#2104=ORIENTED_EDGE('',*,*,#1491,.F.);
#2105=ORIENTED_EDGE('',*,*,#1618,.F.);
#2106=ORIENTED_EDGE('',*,*,#1619,.T.);
#2107=ORIENTED_EDGE('',*,*,#1620,.T.);
#2108=ORIENTED_EDGE('',*,*,#1492,.F.);
#2109=ORIENTED_EDGE('',*,*,#1617,.F.);
#2110=ORIENTED_EDGE('',*,*,#1621,.F.);
#2111=ORIENTED_EDGE('',*,*,#1622,.T.);
#2112=ORIENTED_EDGE('',*,*,#1493,.F.);
#2113=ORIENTED_EDGE('',*,*,#1620,.F.);
#2114=ORIENTED_EDGE('',*,*,#1623,.F.);
#2115=ORIENTED_EDGE('',*,*,#1624,.T.);
#2116=ORIENTED_EDGE('',*,*,#1494,.F.);
#2117=ORIENTED_EDGE('',*,*,#1622,.F.);
#2118=ORIENTED_EDGE('',*,*,#1625,.F.);
#2119=ORIENTED_EDGE('',*,*,#1626,.T.);
#2120=ORIENTED_EDGE('',*,*,#1495,.F.);
#2121=ORIENTED_EDGE('',*,*,#1624,.F.);
#2122=ORIENTED_EDGE('',*,*,#1627,.F.);
#2123=ORIENTED_EDGE('',*,*,#1628,.T.);
#2124=ORIENTED_EDGE('',*,*,#1496,.F.);
#2125=ORIENTED_EDGE('',*,*,#1626,.F.);
#2126=ORIENTED_EDGE('',*,*,#1629,.F.);
#2127=ORIENTED_EDGE('',*,*,#1630,.T.);
#2128=ORIENTED_EDGE('',*,*,#1497,.F.);
#2129=ORIENTED_EDGE('',*,*,#1628,.F.);
#2130=ORIENTED_EDGE('',*,*,#1631,.T.);
#2131=ORIENTED_EDGE('',*,*,#1618,.T.);
#2132=ORIENTED_EDGE('',*,*,#1490,.F.);
#2133=ORIENTED_EDGE('',*,*,#1630,.F.);
#2134=ORIENTED_EDGE('',*,*,#1632,.F.);
#2135=ORIENTED_EDGE('',*,*,#1633,.T.);
#2136=ORIENTED_EDGE('',*,*,#1499,.F.);
#2137=ORIENTED_EDGE('',*,*,#1634,.F.);
#2138=ORIENTED_EDGE('',*,*,#1635,.T.);
#2139=ORIENTED_EDGE('',*,*,#1636,.T.);
#2140=ORIENTED_EDGE('',*,*,#1500,.F.);
#2141=ORIENTED_EDGE('',*,*,#1633,.F.);
#2142=ORIENTED_EDGE('',*,*,#1637,.F.);
#2143=ORIENTED_EDGE('',*,*,#1638,.T.);
#2144=ORIENTED_EDGE('',*,*,#1501,.F.);
#2145=ORIENTED_EDGE('',*,*,#1636,.F.);
#2146=ORIENTED_EDGE('',*,*,#1639,.F.);
#2147=ORIENTED_EDGE('',*,*,#1640,.T.);
#2148=ORIENTED_EDGE('',*,*,#1502,.F.);
#2149=ORIENTED_EDGE('',*,*,#1638,.F.);
#2150=ORIENTED_EDGE('',*,*,#1641,.F.);
#2151=ORIENTED_EDGE('',*,*,#1642,.T.);
#2152=ORIENTED_EDGE('',*,*,#1503,.F.);
#2153=ORIENTED_EDGE('',*,*,#1640,.F.);
#2154=ORIENTED_EDGE('',*,*,#1643,.F.);
#2155=ORIENTED_EDGE('',*,*,#1644,.T.);
#2156=ORIENTED_EDGE('',*,*,#1504,.F.);
#2157=ORIENTED_EDGE('',*,*,#1642,.F.);
#2158=ORIENTED_EDGE('',*,*,#1645,.F.);
#2159=ORIENTED_EDGE('',*,*,#1646,.T.);
#2160=ORIENTED_EDGE('',*,*,#1505,.F.);
#2161=ORIENTED_EDGE('',*,*,#1644,.F.);
#2162=ORIENTED_EDGE('',*,*,#1647,.T.);
#2163=ORIENTED_EDGE('',*,*,#1634,.T.);
#2164=ORIENTED_EDGE('',*,*,#1498,.F.);
#2165=ORIENTED_EDGE('',*,*,#1646,.F.);
#2166=ORIENTED_EDGE('',*,*,#1648,.F.);
#2167=ORIENTED_EDGE('',*,*,#1649,.T.);
#2168=ORIENTED_EDGE('',*,*,#1507,.F.);
#2169=ORIENTED_EDGE('',*,*,#1650,.F.);
#2170=ORIENTED_EDGE('',*,*,#1651,.T.);
#2171=ORIENTED_EDGE('',*,*,#1652,.T.);
#2172=ORIENTED_EDGE('',*,*,#1508,.F.);
#2173=ORIENTED_EDGE('',*,*,#1649,.F.);
#2174=ORIENTED_EDGE('',*,*,#1653,.F.);
#2175=ORIENTED_EDGE('',*,*,#1654,.T.);
#2176=ORIENTED_EDGE('',*,*,#1509,.F.);
#2177=ORIENTED_EDGE('',*,*,#1652,.F.);
#2178=ORIENTED_EDGE('',*,*,#1655,.F.);
#2179=ORIENTED_EDGE('',*,*,#1656,.T.);
#2180=ORIENTED_EDGE('',*,*,#1510,.F.);
#2181=ORIENTED_EDGE('',*,*,#1654,.F.);
#2182=ORIENTED_EDGE('',*,*,#1657,.F.);
#2183=ORIENTED_EDGE('',*,*,#1658,.T.);
#2184=ORIENTED_EDGE('',*,*,#1511,.F.);
#2185=ORIENTED_EDGE('',*,*,#1656,.F.);
#2186=ORIENTED_EDGE('',*,*,#1659,.F.);
#2187=ORIENTED_EDGE('',*,*,#1660,.T.);
#2188=ORIENTED_EDGE('',*,*,#1512,.F.);
#2189=ORIENTED_EDGE('',*,*,#1658,.F.);
#2190=ORIENTED_EDGE('',*,*,#1661,.F.);
#2191=ORIENTED_EDGE('',*,*,#1662,.T.);
#2192=ORIENTED_EDGE('',*,*,#1513,.F.);
#2193=ORIENTED_EDGE('',*,*,#1660,.F.);
#2194=ORIENTED_EDGE('',*,*,#1663,.T.);
#2195=ORIENTED_EDGE('',*,*,#1650,.T.);
#2196=ORIENTED_EDGE('',*,*,#1506,.F.);
#2197=ORIENTED_EDGE('',*,*,#1662,.F.);
#2198=ORIENTED_EDGE('',*,*,#1664,.F.);
#2199=ORIENTED_EDGE('',*,*,#1665,.T.);
#2200=ORIENTED_EDGE('',*,*,#1515,.F.);
#2201=ORIENTED_EDGE('',*,*,#1666,.F.);
#2202=ORIENTED_EDGE('',*,*,#1667,.T.);
#2203=ORIENTED_EDGE('',*,*,#1668,.T.);
#2204=ORIENTED_EDGE('',*,*,#1516,.F.);
#2205=ORIENTED_EDGE('',*,*,#1665,.F.);
#2206=ORIENTED_EDGE('',*,*,#1669,.F.);
#2207=ORIENTED_EDGE('',*,*,#1670,.T.);
#2208=ORIENTED_EDGE('',*,*,#1517,.F.);
#2209=ORIENTED_EDGE('',*,*,#1668,.F.);
#2210=ORIENTED_EDGE('',*,*,#1671,.F.);
#2211=ORIENTED_EDGE('',*,*,#1672,.T.);
#2212=ORIENTED_EDGE('',*,*,#1518,.F.);
#2213=ORIENTED_EDGE('',*,*,#1670,.F.);
#2214=ORIENTED_EDGE('',*,*,#1673,.F.);
#2215=ORIENTED_EDGE('',*,*,#1674,.T.);
#2216=ORIENTED_EDGE('',*,*,#1519,.F.);
#2217=ORIENTED_EDGE('',*,*,#1672,.F.);
#2218=ORIENTED_EDGE('',*,*,#1675,.F.);
#2219=ORIENTED_EDGE('',*,*,#1676,.T.);
#2220=ORIENTED_EDGE('',*,*,#1520,.F.);
#2221=ORIENTED_EDGE('',*,*,#1674,.F.);
#2222=ORIENTED_EDGE('',*,*,#1677,.F.);
#2223=ORIENTED_EDGE('',*,*,#1678,.T.);
#2224=ORIENTED_EDGE('',*,*,#1521,.F.);
#2225=ORIENTED_EDGE('',*,*,#1676,.F.);
#2226=ORIENTED_EDGE('',*,*,#1679,.T.);
#2227=ORIENTED_EDGE('',*,*,#1666,.T.);
#2228=ORIENTED_EDGE('',*,*,#1514,.F.);
#2229=ORIENTED_EDGE('',*,*,#1678,.F.);
#2230=ORIENTED_EDGE('',*,*,#1680,.F.);
#2231=ORIENTED_EDGE('',*,*,#1681,.T.);
#2232=ORIENTED_EDGE('',*,*,#1523,.F.);
#2233=ORIENTED_EDGE('',*,*,#1682,.F.);
#2234=ORIENTED_EDGE('',*,*,#1683,.T.);
#2235=ORIENTED_EDGE('',*,*,#1684,.T.);
#2236=ORIENTED_EDGE('',*,*,#1524,.F.);
#2237=ORIENTED_EDGE('',*,*,#1681,.F.);
#2238=ORIENTED_EDGE('',*,*,#1685,.F.);
#2239=ORIENTED_EDGE('',*,*,#1686,.T.);
#2240=ORIENTED_EDGE('',*,*,#1525,.F.);
#2241=ORIENTED_EDGE('',*,*,#1684,.F.);
#2242=ORIENTED_EDGE('',*,*,#1687,.F.);
#2243=ORIENTED_EDGE('',*,*,#1688,.T.);
#2244=ORIENTED_EDGE('',*,*,#1526,.F.);
#2245=ORIENTED_EDGE('',*,*,#1686,.F.);
#2246=ORIENTED_EDGE('',*,*,#1689,.F.);
#2247=ORIENTED_EDGE('',*,*,#1690,.T.);
#2248=ORIENTED_EDGE('',*,*,#1527,.F.);
#2249=ORIENTED_EDGE('',*,*,#1688,.F.);
#2250=ORIENTED_EDGE('',*,*,#1691,.F.);
#2251=ORIENTED_EDGE('',*,*,#1692,.T.);
#2252=ORIENTED_EDGE('',*,*,#1528,.F.);
#2253=ORIENTED_EDGE('',*,*,#1690,.F.);
#2254=ORIENTED_EDGE('',*,*,#1693,.F.);
#2255=ORIENTED_EDGE('',*,*,#1694,.T.);
#2256=ORIENTED_EDGE('',*,*,#1529,.F.);
#2257=ORIENTED_EDGE('',*,*,#1692,.F.);
#2258=ORIENTED_EDGE('',*,*,#1695,.T.);
#2259=ORIENTED_EDGE('',*,*,#1682,.T.);
#2260=ORIENTED_EDGE('',*,*,#1522,.F.);
#2261=ORIENTED_EDGE('',*,*,#1694,.F.);
#2262=ORIENTED_EDGE('',*,*,#1696,.F.);
#2263=ORIENTED_EDGE('',*,*,#1697,.T.);
#2264=ORIENTED_EDGE('',*,*,#1531,.F.);
#2265=ORIENTED_EDGE('',*,*,#1698,.F.);
#2266=ORIENTED_EDGE('',*,*,#1699,.T.);
#2267=ORIENTED_EDGE('',*,*,#1700,.T.);
#2268=ORIENTED_EDGE('',*,*,#1532,.F.);
#2269=ORIENTED_EDGE('',*,*,#1697,.F.);
#2270=ORIENTED_EDGE('',*,*,#1701,.F.);
#2271=ORIENTED_EDGE('',*,*,#1702,.T.);
#2272=ORIENTED_EDGE('',*,*,#1533,.F.);
#2273=ORIENTED_EDGE('',*,*,#1700,.F.);
#2274=ORIENTED_EDGE('',*,*,#1703,.F.);
#2275=ORIENTED_EDGE('',*,*,#1704,.T.);
#2276=ORIENTED_EDGE('',*,*,#1534,.F.);
#2277=ORIENTED_EDGE('',*,*,#1702,.F.);
#2278=ORIENTED_EDGE('',*,*,#1705,.F.);
#2279=ORIENTED_EDGE('',*,*,#1706,.T.);
#2280=ORIENTED_EDGE('',*,*,#1535,.F.);
#2281=ORIENTED_EDGE('',*,*,#1704,.F.);
#2282=ORIENTED_EDGE('',*,*,#1707,.F.);
#2283=ORIENTED_EDGE('',*,*,#1708,.T.);
#2284=ORIENTED_EDGE('',*,*,#1536,.F.);
#2285=ORIENTED_EDGE('',*,*,#1706,.F.);
#2286=ORIENTED_EDGE('',*,*,#1709,.F.);
#2287=ORIENTED_EDGE('',*,*,#1710,.T.);
#2288=ORIENTED_EDGE('',*,*,#1537,.F.);
#2289=ORIENTED_EDGE('',*,*,#1708,.F.);
#2290=ORIENTED_EDGE('',*,*,#1711,.T.);
#2291=ORIENTED_EDGE('',*,*,#1698,.T.);
#2292=ORIENTED_EDGE('',*,*,#1530,.F.);
#2293=ORIENTED_EDGE('',*,*,#1710,.F.);
#2294=ORIENTED_EDGE('',*,*,#1712,.F.);
#2295=ORIENTED_EDGE('',*,*,#1713,.T.);
#2296=ORIENTED_EDGE('',*,*,#1539,.F.);
#2297=ORIENTED_EDGE('',*,*,#1714,.F.);
#2298=ORIENTED_EDGE('',*,*,#1715,.T.);
#2299=ORIENTED_EDGE('',*,*,#1716,.T.);
#2300=ORIENTED_EDGE('',*,*,#1540,.F.);
#2301=ORIENTED_EDGE('',*,*,#1713,.F.);
#2302=ORIENTED_EDGE('',*,*,#1717,.F.);
#2303=ORIENTED_EDGE('',*,*,#1718,.T.);
#2304=ORIENTED_EDGE('',*,*,#1541,.F.);
#2305=ORIENTED_EDGE('',*,*,#1716,.F.);
#2306=ORIENTED_EDGE('',*,*,#1719,.F.);
#2307=ORIENTED_EDGE('',*,*,#1720,.T.);
#2308=ORIENTED_EDGE('',*,*,#1542,.F.);
#2309=ORIENTED_EDGE('',*,*,#1718,.F.);
#2310=ORIENTED_EDGE('',*,*,#1721,.F.);
#2311=ORIENTED_EDGE('',*,*,#1722,.T.);
#2312=ORIENTED_EDGE('',*,*,#1543,.F.);
#2313=ORIENTED_EDGE('',*,*,#1720,.F.);
#2314=ORIENTED_EDGE('',*,*,#1723,.F.);
#2315=ORIENTED_EDGE('',*,*,#1724,.T.);
#2316=ORIENTED_EDGE('',*,*,#1544,.F.);
#2317=ORIENTED_EDGE('',*,*,#1722,.F.);
#2318=ORIENTED_EDGE('',*,*,#1725,.F.);
#2319=ORIENTED_EDGE('',*,*,#1726,.T.);
#2320=ORIENTED_EDGE('',*,*,#1545,.F.);
#2321=ORIENTED_EDGE('',*,*,#1724,.F.);
#2322=ORIENTED_EDGE('',*,*,#1727,.T.);
#2323=ORIENTED_EDGE('',*,*,#1714,.T.);
#2324=ORIENTED_EDGE('',*,*,#1538,.F.);
#2325=ORIENTED_EDGE('',*,*,#1726,.F.);
#2326=ORIENTED_EDGE('',*,*,#1728,.F.);
#2327=ORIENTED_EDGE('',*,*,#1729,.T.);
#2328=ORIENTED_EDGE('',*,*,#1547,.F.);
#2329=ORIENTED_EDGE('',*,*,#1730,.F.);
#2330=ORIENTED_EDGE('',*,*,#1731,.T.);
#2331=ORIENTED_EDGE('',*,*,#1732,.T.);
#2332=ORIENTED_EDGE('',*,*,#1548,.F.);
#2333=ORIENTED_EDGE('',*,*,#1729,.F.);
#2334=ORIENTED_EDGE('',*,*,#1733,.F.);
#2335=ORIENTED_EDGE('',*,*,#1734,.T.);
#2336=ORIENTED_EDGE('',*,*,#1549,.F.);
#2337=ORIENTED_EDGE('',*,*,#1732,.F.);
#2338=ORIENTED_EDGE('',*,*,#1735,.F.);
#2339=ORIENTED_EDGE('',*,*,#1736,.T.);
#2340=ORIENTED_EDGE('',*,*,#1550,.F.);
#2341=ORIENTED_EDGE('',*,*,#1734,.F.);
#2342=ORIENTED_EDGE('',*,*,#1737,.F.);
#2343=ORIENTED_EDGE('',*,*,#1738,.T.);
#2344=ORIENTED_EDGE('',*,*,#1551,.F.);
#2345=ORIENTED_EDGE('',*,*,#1736,.F.);
#2346=ORIENTED_EDGE('',*,*,#1739,.F.);
#2347=ORIENTED_EDGE('',*,*,#1740,.T.);
#2348=ORIENTED_EDGE('',*,*,#1552,.F.);
#2349=ORIENTED_EDGE('',*,*,#1738,.F.);
#2350=ORIENTED_EDGE('',*,*,#1741,.F.);
#2351=ORIENTED_EDGE('',*,*,#1742,.T.);
#2352=ORIENTED_EDGE('',*,*,#1553,.F.);
#2353=ORIENTED_EDGE('',*,*,#1740,.F.);
#2354=ORIENTED_EDGE('',*,*,#1743,.T.);
#2355=ORIENTED_EDGE('',*,*,#1730,.T.);
#2356=ORIENTED_EDGE('',*,*,#1546,.F.);
#2357=ORIENTED_EDGE('',*,*,#1742,.F.);
#2358=ORIENTED_EDGE('',*,*,#1744,.F.);
#2359=ORIENTED_EDGE('',*,*,#1745,.T.);
#2360=ORIENTED_EDGE('',*,*,#1555,.F.);
#2361=ORIENTED_EDGE('',*,*,#1746,.F.);
#2362=ORIENTED_EDGE('',*,*,#1747,.T.);
#2363=ORIENTED_EDGE('',*,*,#1748,.T.);
#2364=ORIENTED_EDGE('',*,*,#1556,.F.);
#2365=ORIENTED_EDGE('',*,*,#1745,.F.);
#2366=ORIENTED_EDGE('',*,*,#1749,.F.);
#2367=ORIENTED_EDGE('',*,*,#1750,.T.);
#2368=ORIENTED_EDGE('',*,*,#1557,.F.);
#2369=ORIENTED_EDGE('',*,*,#1748,.F.);
#2370=ORIENTED_EDGE('',*,*,#1751,.F.);
#2371=ORIENTED_EDGE('',*,*,#1752,.T.);
#2372=ORIENTED_EDGE('',*,*,#1558,.F.);
#2373=ORIENTED_EDGE('',*,*,#1750,.F.);
#2374=ORIENTED_EDGE('',*,*,#1753,.F.);
#2375=ORIENTED_EDGE('',*,*,#1754,.T.);
#2376=ORIENTED_EDGE('',*,*,#1559,.F.);
#2377=ORIENTED_EDGE('',*,*,#1752,.F.);
#2378=ORIENTED_EDGE('',*,*,#1755,.F.);
#2379=ORIENTED_EDGE('',*,*,#1756,.T.);
#2380=ORIENTED_EDGE('',*,*,#1560,.F.);
#2381=ORIENTED_EDGE('',*,*,#1754,.F.);
#2382=ORIENTED_EDGE('',*,*,#1757,.F.);
#2383=ORIENTED_EDGE('',*,*,#1758,.T.);
#2384=ORIENTED_EDGE('',*,*,#1561,.F.);
#2385=ORIENTED_EDGE('',*,*,#1756,.F.);
#2386=ORIENTED_EDGE('',*,*,#1759,.T.);
#2387=ORIENTED_EDGE('',*,*,#1746,.T.);
#2388=ORIENTED_EDGE('',*,*,#1554,.F.);
#2389=ORIENTED_EDGE('',*,*,#1758,.F.);
#2390=ORIENTED_EDGE('',*,*,#1760,.F.);
#2391=ORIENTED_EDGE('',*,*,#1761,.T.);
#2392=ORIENTED_EDGE('',*,*,#1563,.F.);
#2393=ORIENTED_EDGE('',*,*,#1762,.F.);
#2394=ORIENTED_EDGE('',*,*,#1763,.T.);
#2395=ORIENTED_EDGE('',*,*,#1764,.T.);
#2396=ORIENTED_EDGE('',*,*,#1564,.F.);
#2397=ORIENTED_EDGE('',*,*,#1761,.F.);
#2398=ORIENTED_EDGE('',*,*,#1765,.F.);
#2399=ORIENTED_EDGE('',*,*,#1766,.T.);
#2400=ORIENTED_EDGE('',*,*,#1565,.F.);
#2401=ORIENTED_EDGE('',*,*,#1764,.F.);
#2402=ORIENTED_EDGE('',*,*,#1767,.F.);
#2403=ORIENTED_EDGE('',*,*,#1768,.T.);
#2404=ORIENTED_EDGE('',*,*,#1566,.F.);
#2405=ORIENTED_EDGE('',*,*,#1766,.F.);
#2406=ORIENTED_EDGE('',*,*,#1769,.F.);
#2407=ORIENTED_EDGE('',*,*,#1770,.T.);
#2408=ORIENTED_EDGE('',*,*,#1567,.F.);
#2409=ORIENTED_EDGE('',*,*,#1768,.F.);
#2410=ORIENTED_EDGE('',*,*,#1771,.F.);
#2411=ORIENTED_EDGE('',*,*,#1772,.T.);
#2412=ORIENTED_EDGE('',*,*,#1568,.F.);
#2413=ORIENTED_EDGE('',*,*,#1770,.F.);
#2414=ORIENTED_EDGE('',*,*,#1773,.F.);
#2415=ORIENTED_EDGE('',*,*,#1774,.T.);
#2416=ORIENTED_EDGE('',*,*,#1569,.F.);
#2417=ORIENTED_EDGE('',*,*,#1772,.F.);
#2418=ORIENTED_EDGE('',*,*,#1775,.T.);
#2419=ORIENTED_EDGE('',*,*,#1762,.T.);
#2420=ORIENTED_EDGE('',*,*,#1562,.F.);
#2421=ORIENTED_EDGE('',*,*,#1774,.F.);
#2422=ORIENTED_EDGE('',*,*,#1776,.F.);
#2423=ORIENTED_EDGE('',*,*,#1777,.T.);
#2424=ORIENTED_EDGE('',*,*,#1571,.F.);
#2425=ORIENTED_EDGE('',*,*,#1778,.F.);
#2426=ORIENTED_EDGE('',*,*,#1779,.T.);
#2427=ORIENTED_EDGE('',*,*,#1780,.T.);
#2428=ORIENTED_EDGE('',*,*,#1572,.F.);
#2429=ORIENTED_EDGE('',*,*,#1777,.F.);
#2430=ORIENTED_EDGE('',*,*,#1781,.F.);
#2431=ORIENTED_EDGE('',*,*,#1782,.T.);
#2432=ORIENTED_EDGE('',*,*,#1573,.F.);
#2433=ORIENTED_EDGE('',*,*,#1780,.F.);
#2434=ORIENTED_EDGE('',*,*,#1783,.F.);
#2435=ORIENTED_EDGE('',*,*,#1784,.T.);
#2436=ORIENTED_EDGE('',*,*,#1574,.F.);
#2437=ORIENTED_EDGE('',*,*,#1782,.F.);
#2438=ORIENTED_EDGE('',*,*,#1785,.F.);
#2439=ORIENTED_EDGE('',*,*,#1786,.T.);
#2440=ORIENTED_EDGE('',*,*,#1575,.F.);
#2441=ORIENTED_EDGE('',*,*,#1784,.F.);
#2442=ORIENTED_EDGE('',*,*,#1787,.F.);
#2443=ORIENTED_EDGE('',*,*,#1788,.T.);
#2444=ORIENTED_EDGE('',*,*,#1576,.F.);
#2445=ORIENTED_EDGE('',*,*,#1786,.F.);
#2446=ORIENTED_EDGE('',*,*,#1789,.F.);
#2447=ORIENTED_EDGE('',*,*,#1790,.T.);
#2448=ORIENTED_EDGE('',*,*,#1577,.F.);
#2449=ORIENTED_EDGE('',*,*,#1788,.F.);
#2450=ORIENTED_EDGE('',*,*,#1791,.T.);
#2451=ORIENTED_EDGE('',*,*,#1778,.T.);
#2452=ORIENTED_EDGE('',*,*,#1570,.F.);
#2453=ORIENTED_EDGE('',*,*,#1790,.F.);
#2454=ORIENTED_EDGE('',*,*,#1792,.F.);
#2455=ORIENTED_EDGE('',*,*,#1793,.T.);
#2456=ORIENTED_EDGE('',*,*,#1579,.F.);
#2457=ORIENTED_EDGE('',*,*,#1794,.F.);
#2458=ORIENTED_EDGE('',*,*,#1795,.T.);
#2459=ORIENTED_EDGE('',*,*,#1796,.T.);
#2460=ORIENTED_EDGE('',*,*,#1580,.F.);
#2461=ORIENTED_EDGE('',*,*,#1793,.F.);
#2462=ORIENTED_EDGE('',*,*,#1797,.F.);
#2463=ORIENTED_EDGE('',*,*,#1798,.T.);
#2464=ORIENTED_EDGE('',*,*,#1581,.F.);
#2465=ORIENTED_EDGE('',*,*,#1796,.F.);
#2466=ORIENTED_EDGE('',*,*,#1799,.F.);
#2467=ORIENTED_EDGE('',*,*,#1800,.T.);
#2468=ORIENTED_EDGE('',*,*,#1582,.F.);
#2469=ORIENTED_EDGE('',*,*,#1798,.F.);
#2470=ORIENTED_EDGE('',*,*,#1801,.F.);
#2471=ORIENTED_EDGE('',*,*,#1802,.T.);
#2472=ORIENTED_EDGE('',*,*,#1583,.F.);
#2473=ORIENTED_EDGE('',*,*,#1800,.F.);
#2474=ORIENTED_EDGE('',*,*,#1803,.F.);
#2475=ORIENTED_EDGE('',*,*,#1804,.T.);
#2476=ORIENTED_EDGE('',*,*,#1584,.F.);
#2477=ORIENTED_EDGE('',*,*,#1802,.F.);
#2478=ORIENTED_EDGE('',*,*,#1805,.F.);
#2479=ORIENTED_EDGE('',*,*,#1806,.T.);
#2480=ORIENTED_EDGE('',*,*,#1585,.F.);
#2481=ORIENTED_EDGE('',*,*,#1804,.F.);
#2482=ORIENTED_EDGE('',*,*,#1807,.T.);
#2483=ORIENTED_EDGE('',*,*,#1794,.T.);
#2484=ORIENTED_EDGE('',*,*,#1578,.F.);
#2485=ORIENTED_EDGE('',*,*,#1806,.F.);
#2486=ORIENTED_EDGE('',*,*,#1808,.F.);
#2487=ORIENTED_EDGE('',*,*,#1809,.F.);
#2488=ORIENTED_EDGE('',*,*,#1810,.F.);
#2489=ORIENTED_EDGE('',*,*,#1587,.F.);
#2490=ORIENTED_EDGE('',*,*,#1811,.T.);
#2491=ORIENTED_EDGE('',*,*,#1812,.T.);
#2492=ORIENTED_EDGE('',*,*,#1589,.T.);
#2493=ORIENTED_EDGE('',*,*,#1810,.T.);
#2494=ORIENTED_EDGE('',*,*,#1812,.F.);
#2495=ORIENTED_EDGE('',*,*,#1813,.F.);
#2496=ORIENTED_EDGE('',*,*,#1814,.F.);
#2497=ORIENTED_EDGE('',*,*,#1592,.F.);
#2498=ORIENTED_EDGE('',*,*,#1815,.T.);
#2499=ORIENTED_EDGE('',*,*,#1816,.T.);
#2500=ORIENTED_EDGE('',*,*,#1593,.T.);
#2501=ORIENTED_EDGE('',*,*,#1814,.T.);
#2502=ORIENTED_EDGE('',*,*,#1817,.F.);
#2503=ORIENTED_EDGE('',*,*,#1596,.F.);
#2504=ORIENTED_EDGE('',*,*,#1816,.F.);
#2505=ORIENTED_EDGE('',*,*,#1818,.F.);
#2506=ORIENTED_EDGE('',*,*,#1819,.T.);
#2507=ORIENTED_EDGE('',*,*,#1820,.T.);
#2508=ORIENTED_EDGE('',*,*,#1597,.F.);
#2509=ORIENTED_EDGE('',*,*,#1817,.T.);
#2510=ORIENTED_EDGE('',*,*,#1821,.F.);
#2511=ORIENTED_EDGE('',*,*,#1599,.F.);
#2512=ORIENTED_EDGE('',*,*,#1820,.F.);
#2513=ORIENTED_EDGE('',*,*,#1822,.F.);
#2514=ORIENTED_EDGE('',*,*,#1823,.T.);
#2515=ORIENTED_EDGE('',*,*,#1808,.T.);
#2516=ORIENTED_EDGE('',*,*,#1601,.T.);
#2517=ORIENTED_EDGE('',*,*,#1821,.T.);
#2518=ORIENTED_EDGE('',*,*,#1823,.F.);
#2519=ORIENTED_EDGE('',*,*,#1822,.T.);
#2520=ORIENTED_EDGE('',*,*,#1819,.F.);
#2521=ORIENTED_EDGE('',*,*,#1818,.T.);
#2522=ORIENTED_EDGE('',*,*,#1815,.F.);
#2523=ORIENTED_EDGE('',*,*,#1813,.T.);
#2524=ORIENTED_EDGE('',*,*,#1811,.F.);
#2525=ORIENTED_EDGE('',*,*,#1809,.T.);
#2526=ORIENTED_EDGE('',*,*,#1807,.F.);
#2527=ORIENTED_EDGE('',*,*,#1805,.T.);
#2528=ORIENTED_EDGE('',*,*,#1803,.T.);
#2529=ORIENTED_EDGE('',*,*,#1801,.T.);
#2530=ORIENTED_EDGE('',*,*,#1799,.T.);
#2531=ORIENTED_EDGE('',*,*,#1797,.T.);
#2532=ORIENTED_EDGE('',*,*,#1795,.F.);
#2533=ORIENTED_EDGE('',*,*,#1792,.T.);
#2534=ORIENTED_EDGE('',*,*,#1791,.F.);
#2535=ORIENTED_EDGE('',*,*,#1789,.T.);
#2536=ORIENTED_EDGE('',*,*,#1787,.T.);
#2537=ORIENTED_EDGE('',*,*,#1785,.T.);
#2538=ORIENTED_EDGE('',*,*,#1783,.T.);
#2539=ORIENTED_EDGE('',*,*,#1781,.T.);
#2540=ORIENTED_EDGE('',*,*,#1779,.F.);
#2541=ORIENTED_EDGE('',*,*,#1776,.T.);
#2542=ORIENTED_EDGE('',*,*,#1775,.F.);
#2543=ORIENTED_EDGE('',*,*,#1773,.T.);
#2544=ORIENTED_EDGE('',*,*,#1771,.T.);
#2545=ORIENTED_EDGE('',*,*,#1769,.T.);
#2546=ORIENTED_EDGE('',*,*,#1767,.T.);
#2547=ORIENTED_EDGE('',*,*,#1765,.T.);
#2548=ORIENTED_EDGE('',*,*,#1763,.F.);
#2549=ORIENTED_EDGE('',*,*,#1760,.T.);
#2550=ORIENTED_EDGE('',*,*,#1759,.F.);
#2551=ORIENTED_EDGE('',*,*,#1757,.T.);
#2552=ORIENTED_EDGE('',*,*,#1755,.T.);
#2553=ORIENTED_EDGE('',*,*,#1753,.T.);
#2554=ORIENTED_EDGE('',*,*,#1751,.T.);
#2555=ORIENTED_EDGE('',*,*,#1749,.T.);
#2556=ORIENTED_EDGE('',*,*,#1747,.F.);
#2557=ORIENTED_EDGE('',*,*,#1744,.T.);
#2558=ORIENTED_EDGE('',*,*,#1743,.F.);
#2559=ORIENTED_EDGE('',*,*,#1741,.T.);
#2560=ORIENTED_EDGE('',*,*,#1739,.T.);
#2561=ORIENTED_EDGE('',*,*,#1737,.T.);
#2562=ORIENTED_EDGE('',*,*,#1735,.T.);
#2563=ORIENTED_EDGE('',*,*,#1733,.T.);
#2564=ORIENTED_EDGE('',*,*,#1731,.F.);
#2565=ORIENTED_EDGE('',*,*,#1728,.T.);
#2566=ORIENTED_EDGE('',*,*,#1727,.F.);
#2567=ORIENTED_EDGE('',*,*,#1725,.T.);
#2568=ORIENTED_EDGE('',*,*,#1723,.T.);
#2569=ORIENTED_EDGE('',*,*,#1721,.T.);
#2570=ORIENTED_EDGE('',*,*,#1719,.T.);
#2571=ORIENTED_EDGE('',*,*,#1717,.T.);
#2572=ORIENTED_EDGE('',*,*,#1715,.F.);
#2573=ORIENTED_EDGE('',*,*,#1712,.T.);
#2574=ORIENTED_EDGE('',*,*,#1711,.F.);
#2575=ORIENTED_EDGE('',*,*,#1709,.T.);
#2576=ORIENTED_EDGE('',*,*,#1707,.T.);
#2577=ORIENTED_EDGE('',*,*,#1705,.T.);
#2578=ORIENTED_EDGE('',*,*,#1703,.T.);
#2579=ORIENTED_EDGE('',*,*,#1701,.T.);
#2580=ORIENTED_EDGE('',*,*,#1699,.F.);
#2581=ORIENTED_EDGE('',*,*,#1696,.T.);
#2582=ORIENTED_EDGE('',*,*,#1695,.F.);
#2583=ORIENTED_EDGE('',*,*,#1693,.T.);
#2584=ORIENTED_EDGE('',*,*,#1691,.T.);
#2585=ORIENTED_EDGE('',*,*,#1689,.T.);
#2586=ORIENTED_EDGE('',*,*,#1687,.T.);
#2587=ORIENTED_EDGE('',*,*,#1685,.T.);
#2588=ORIENTED_EDGE('',*,*,#1683,.F.);
#2589=ORIENTED_EDGE('',*,*,#1680,.T.);
#2590=ORIENTED_EDGE('',*,*,#1679,.F.);
#2591=ORIENTED_EDGE('',*,*,#1677,.T.);
#2592=ORIENTED_EDGE('',*,*,#1675,.T.);
#2593=ORIENTED_EDGE('',*,*,#1673,.T.);
#2594=ORIENTED_EDGE('',*,*,#1671,.T.);
#2595=ORIENTED_EDGE('',*,*,#1669,.T.);
#2596=ORIENTED_EDGE('',*,*,#1667,.F.);
#2597=ORIENTED_EDGE('',*,*,#1664,.T.);
#2598=ORIENTED_EDGE('',*,*,#1663,.F.);
#2599=ORIENTED_EDGE('',*,*,#1661,.T.);
#2600=ORIENTED_EDGE('',*,*,#1659,.T.);
#2601=ORIENTED_EDGE('',*,*,#1657,.T.);
#2602=ORIENTED_EDGE('',*,*,#1655,.T.);
#2603=ORIENTED_EDGE('',*,*,#1653,.T.);
#2604=ORIENTED_EDGE('',*,*,#1651,.F.);
#2605=ORIENTED_EDGE('',*,*,#1648,.T.);
#2606=ORIENTED_EDGE('',*,*,#1647,.F.);
#2607=ORIENTED_EDGE('',*,*,#1645,.T.);
#2608=ORIENTED_EDGE('',*,*,#1643,.T.);
#2609=ORIENTED_EDGE('',*,*,#1641,.T.);
#2610=ORIENTED_EDGE('',*,*,#1639,.T.);
#2611=ORIENTED_EDGE('',*,*,#1637,.T.);
#2612=ORIENTED_EDGE('',*,*,#1635,.F.);
#2613=ORIENTED_EDGE('',*,*,#1632,.T.);
#2614=ORIENTED_EDGE('',*,*,#1631,.F.);
#2615=ORIENTED_EDGE('',*,*,#1629,.T.);
#2616=ORIENTED_EDGE('',*,*,#1627,.T.);
#2617=ORIENTED_EDGE('',*,*,#1625,.T.);
#2618=ORIENTED_EDGE('',*,*,#1623,.T.);
#2619=ORIENTED_EDGE('',*,*,#1621,.T.);
#2620=ORIENTED_EDGE('',*,*,#1619,.F.);
#2621=ORIENTED_EDGE('',*,*,#1616,.T.);
#2622=ORIENTED_EDGE('',*,*,#1615,.F.);
#2623=ORIENTED_EDGE('',*,*,#1613,.F.);
#2624=ORIENTED_EDGE('',*,*,#1611,.F.);
#2625=ORIENTED_EDGE('',*,*,#1608,.F.);
#2626=ORIENTED_EDGE('',*,*,#1606,.T.);
#2627=ORIENTED_EDGE('',*,*,#1824,.T.);
#2628=ORIENTED_EDGE('',*,*,#1604,.T.);
#2629=ORIENTED_EDGE('',*,*,#1602,.T.);
#2630=ORIENTED_EDGE('',*,*,#1824,.F.);
#2631=ORIENTED_EDGE('',*,*,#1825,.T.);
#2632=ORIENTED_EDGE('',*,*,#1826,.T.);
#2633=ORIENTED_EDGE('',*,*,#1825,.F.);
#2634=ORIENTED_EDGE('',*,*,#1472,.F.);
#2635=ORIENTED_EDGE('',*,*,#1826,.F.);
#2636=ORIENTED_EDGE('',*,*,#1470,.T.);
#2637=CYLINDRICAL_SURFACE('',#2873,1.);
#2638=CYLINDRICAL_SURFACE('',#2876,1.);
#2639=CYLINDRICAL_SURFACE('',#2878,1.);
#2640=CYLINDRICAL_SURFACE('',#2880,1.);
#2641=CYLINDRICAL_SURFACE('',#2898,1.7);
#2642=CYLINDRICAL_SURFACE('',#2902,1.7);
#2643=CYLINDRICAL_SURFACE('',#2906,1.7);
#2644=CYLINDRICAL_SURFACE('',#2909,4.);
#2645=CYLINDRICAL_SURFACE('',#2971,5.);
#2646=CYLINDRICAL_SURFACE('',#2977,5.);
#2647=CYLINDRICAL_SURFACE('',#2982,5.);
#2648=CYLINDRICAL_SURFACE('',#2987,5.);
#2649=CYLINDRICAL_SURFACE('',#2991,2.35);
#2650=CYLINDRICAL_SURFACE('',#2993,2.35);
#2651=CYLINDRICAL_SURFACE('',#2995,2.34999999999999);
#2652=CYLINDRICAL_SURFACE('',#3001,0.499999999999998);
#2653=CYLINDRICAL_SURFACE('',#3004,0.499999999999998);
#2654=CYLINDRICAL_SURFACE('',#3007,0.5);
#2655=CYLINDRICAL_SURFACE('',#3010,0.5);
#2656=CYLINDRICAL_SURFACE('',#3013,0.500000000000003);
#2657=CYLINDRICAL_SURFACE('',#3016,0.499999999999998);
#2658=CYLINDRICAL_SURFACE('',#3019,0.499999999999998);
#2659=CYLINDRICAL_SURFACE('',#3022,0.5);
#2660=CYLINDRICAL_SURFACE('',#3025,0.499999999999998);
#2661=CYLINDRICAL_SURFACE('',#3028,0.499999999999998);
#2662=CYLINDRICAL_SURFACE('',#3031,0.499999999999998);
#2663=CYLINDRICAL_SURFACE('',#3034,0.5);
#2664=CYLINDRICAL_SURFACE('',#3037,0.499999999999998);
#2665=CYLINDRICAL_SURFACE('',#3040,0.499999999999998);
#2666=CYLINDRICAL_SURFACE('',#3043,0.499999999999998);
#2667=CYLINDRICAL_SURFACE('',#3046,0.5);
#2668=CYLINDRICAL_SURFACE('',#3049,0.499999999999998);
#2669=CYLINDRICAL_SURFACE('',#3052,0.500000000000003);
#2670=CYLINDRICAL_SURFACE('',#3055,0.5);
#2671=CYLINDRICAL_SURFACE('',#3058,0.499999999999998);
#2672=CYLINDRICAL_SURFACE('',#3061,0.500000000000003);
#2673=CYLINDRICAL_SURFACE('',#3064,0.500000000000003);
#2674=CYLINDRICAL_SURFACE('',#3067,0.499999999999998);
#2675=CYLINDRICAL_SURFACE('',#3070,0.499999999999998);
#2676=CYLINDRICAL_SURFACE('',#3073,0.499999999999998);
#2677=CYLINDRICAL_SURFACE('',#3076,0.500000000000003);
#2678=CYLINDRICAL_SURFACE('',#3079,0.499999999999998);
#2679=CYLINDRICAL_SURFACE('',#3082,0.499999999999998);
#2680=CYLINDRICAL_SURFACE('',#3085,0.499999999999998);
#2681=CYLINDRICAL_SURFACE('',#3088,0.500000000000003);
#2682=CYLINDRICAL_SURFACE('',#3091,0.499999999999998);
#2683=CYLINDRICAL_SURFACE('',#3094,0.499999999999998);
#2684=CYLINDRICAL_SURFACE('',#3097,0.499999999999998);
#2685=CYLINDRICAL_SURFACE('',#3100,0.499999999999998);
#2686=CYLINDRICAL_SURFACE('',#3103,0.5);
#2687=CYLINDRICAL_SURFACE('',#3106,0.499999999999998);
#2688=CYLINDRICAL_SURFACE('',#3109,0.500000000000003);
#2689=CYLINDRICAL_SURFACE('',#3112,0.499999999999998);
#2690=CYLINDRICAL_SURFACE('',#3115,0.499999999999998);
#2691=CYLINDRICAL_SURFACE('',#3118,0.499999999999998);
#2692=CYLINDRICAL_SURFACE('',#3121,0.499999999999998);
#2693=CYLINDRICAL_SURFACE('',#3124,0.499999999999998);
#2694=CYLINDRICAL_SURFACE('',#3127,0.499999999999998);
#2695=CYLINDRICAL_SURFACE('',#3130,0.499999999999998);
#2696=CYLINDRICAL_SURFACE('',#3133,0.499999999999998);
#2697=CYLINDRICAL_SURFACE('',#3136,0.499999999999998);
#2698=CYLINDRICAL_SURFACE('',#3139,0.499999999999998);
#2699=CYLINDRICAL_SURFACE('',#3142,0.499999999999998);
#2700=CYLINDRICAL_SURFACE('',#3146,5.);
#2701=CYLINDRICAL_SURFACE('',#3149,5.);
#2702=CYLINDRICAL_SURFACE('',#3152,5.);
#2703=CYLINDRICAL_SURFACE('',#3155,5.);
#2704=CYLINDRICAL_SURFACE('',#3159,2.34999999999999);
#2705=ADVANCED_FACE('',(#271),#2637,.T.);
#2706=ADVANCED_FACE('',(#272),#2638,.T.);
#2707=ADVANCED_FACE('',(#273),#2639,.T.);
#2708=ADVANCED_FACE('',(#274),#2640,.T.);
#2709=ADVANCED_FACE('',(#275),#191,.T.);
#2710=ADVANCED_FACE('',(#276),#192,.T.);
#2711=ADVANCED_FACE('',(#277,#21,#22,#23),#193,.T.);
#2712=ADVANCED_FACE('',(#278),#194,.T.);
#2713=ADVANCED_FACE('',(#279),#195,.T.);
#2714=ADVANCED_FACE('',(#280),#20,.T.);
#2715=ADVANCED_FACE('',(#281),#19,.F.);
#2716=ADVANCED_FACE('',(#282,#24),#196,.T.);
#2717=ADVANCED_FACE('',(#283),#197,.F.);
#2718=ADVANCED_FACE('',(#284),#198,.F.);
#2719=ADVANCED_FACE('',(#285),#199,.F.);
#2720=ADVANCED_FACE('',(#286),#200,.F.);
#2721=ADVANCED_FACE('',(#287),#2641,.F.);
#2722=ADVANCED_FACE('',(#288),#201,.F.);
#2723=ADVANCED_FACE('',(#289),#2642,.F.);
#2724=ADVANCED_FACE('',(#290),#202,.F.);
#2725=ADVANCED_FACE('',(#291),#2643,.F.);
#2726=ADVANCED_FACE('',(#292),#2644,.F.);
#2727=ADVANCED_FACE('',(#293),#203,.T.);
#2728=ADVANCED_FACE('',(#294),#204,.T.);
#2729=ADVANCED_FACE('',(#295),#205,.T.);
#2730=ADVANCED_FACE('',(#296),#206,.T.);
#2731=ADVANCED_FACE('',(#297,#25),#207,.F.);
#2732=ADVANCED_FACE('',(#298,#26),#208,.F.);
#2733=ADVANCED_FACE('',(#299),#209,.F.);
#2734=ADVANCED_FACE('',(#300,#27,#28),#210,.F.);
#2735=ADVANCED_FACE('',(#301,#29,#30,#31,#32,#33,#34,#35,#36,#37,#38,#39,
#40),#211,.T.);
#2736=ADVANCED_FACE('',(#302),#2645,.T.);
#2737=ADVANCED_FACE('',(#303),#15,.T.);
#2738=ADVANCED_FACE('',(#304),#2646,.T.);
#2739=ADVANCED_FACE('',(#305),#16,.T.);
#2740=ADVANCED_FACE('',(#306),#2647,.T.);
#2741=ADVANCED_FACE('',(#307),#17,.T.);
#2742=ADVANCED_FACE('',(#308),#2648,.T.);
#2743=ADVANCED_FACE('',(#309),#18,.T.);
#2744=ADVANCED_FACE('',(#310),#2649,.F.);
#2745=ADVANCED_FACE('',(#311),#2650,.F.);
#2746=ADVANCED_FACE('',(#312),#2651,.F.);
#2747=ADVANCED_FACE('',(#313),#212,.T.);
#2748=ADVANCED_FACE('',(#314),#213,.T.);
#2749=ADVANCED_FACE('',(#315),#214,.T.);
#2750=ADVANCED_FACE('',(#316),#215,.T.);
#2751=ADVANCED_FACE('',(#317),#2652,.F.);
#2752=ADVANCED_FACE('',(#318),#216,.T.);
#2753=ADVANCED_FACE('',(#319),#2653,.F.);
#2754=ADVANCED_FACE('',(#320),#217,.T.);
#2755=ADVANCED_FACE('',(#321),#2654,.F.);
#2756=ADVANCED_FACE('',(#322),#218,.T.);
#2757=ADVANCED_FACE('',(#323),#2655,.F.);
#2758=ADVANCED_FACE('',(#324),#219,.T.);
#2759=ADVANCED_FACE('',(#325),#2656,.F.);
#2760=ADVANCED_FACE('',(#326),#220,.T.);
#2761=ADVANCED_FACE('',(#327),#2657,.F.);
#2762=ADVANCED_FACE('',(#328),#221,.T.);
#2763=ADVANCED_FACE('',(#329),#2658,.F.);
#2764=ADVANCED_FACE('',(#330),#222,.T.);
#2765=ADVANCED_FACE('',(#331),#2659,.F.);
#2766=ADVANCED_FACE('',(#332),#223,.T.);
#2767=ADVANCED_FACE('',(#333),#2660,.F.);
#2768=ADVANCED_FACE('',(#334),#224,.T.);
#2769=ADVANCED_FACE('',(#335),#2661,.F.);
#2770=ADVANCED_FACE('',(#336),#225,.T.);
#2771=ADVANCED_FACE('',(#337),#2662,.F.);
#2772=ADVANCED_FACE('',(#338),#226,.T.);
#2773=ADVANCED_FACE('',(#339),#2663,.F.);
#2774=ADVANCED_FACE('',(#340),#227,.T.);
#2775=ADVANCED_FACE('',(#341),#2664,.F.);
#2776=ADVANCED_FACE('',(#342),#228,.T.);
#2777=ADVANCED_FACE('',(#343),#2665,.F.);
#2778=ADVANCED_FACE('',(#344),#229,.T.);
#2779=ADVANCED_FACE('',(#345),#2666,.F.);
#2780=ADVANCED_FACE('',(#346),#230,.T.);
#2781=ADVANCED_FACE('',(#347),#2667,.F.);
#2782=ADVANCED_FACE('',(#348),#231,.T.);
#2783=ADVANCED_FACE('',(#349),#2668,.F.);
#2784=ADVANCED_FACE('',(#350),#232,.T.);
#2785=ADVANCED_FACE('',(#351),#2669,.F.);
#2786=ADVANCED_FACE('',(#352),#233,.T.);
#2787=ADVANCED_FACE('',(#353),#2670,.F.);
#2788=ADVANCED_FACE('',(#354),#234,.T.);
#2789=ADVANCED_FACE('',(#355),#2671,.F.);
#2790=ADVANCED_FACE('',(#356),#235,.T.);
#2791=ADVANCED_FACE('',(#357),#2672,.F.);
#2792=ADVANCED_FACE('',(#358),#236,.T.);
#2793=ADVANCED_FACE('',(#359),#2673,.F.);
#2794=ADVANCED_FACE('',(#360),#237,.T.);
#2795=ADVANCED_FACE('',(#361),#2674,.F.);
#2796=ADVANCED_FACE('',(#362),#238,.T.);
#2797=ADVANCED_FACE('',(#363),#2675,.F.);
#2798=ADVANCED_FACE('',(#364),#239,.T.);
#2799=ADVANCED_FACE('',(#365),#2676,.F.);
#2800=ADVANCED_FACE('',(#366),#240,.T.);
#2801=ADVANCED_FACE('',(#367),#2677,.F.);
#2802=ADVANCED_FACE('',(#368),#241,.T.);
#2803=ADVANCED_FACE('',(#369),#2678,.F.);
#2804=ADVANCED_FACE('',(#370),#242,.T.);
#2805=ADVANCED_FACE('',(#371),#2679,.F.);
#2806=ADVANCED_FACE('',(#372),#243,.T.);
#2807=ADVANCED_FACE('',(#373),#2680,.F.);
#2808=ADVANCED_FACE('',(#374),#244,.T.);
#2809=ADVANCED_FACE('',(#375),#2681,.F.);
#2810=ADVANCED_FACE('',(#376),#245,.T.);
#2811=ADVANCED_FACE('',(#377),#2682,.F.);
#2812=ADVANCED_FACE('',(#378),#246,.T.);
#2813=ADVANCED_FACE('',(#379),#2683,.F.);
#2814=ADVANCED_FACE('',(#380),#247,.T.);
#2815=ADVANCED_FACE('',(#381),#2684,.F.);
#2816=ADVANCED_FACE('',(#382),#248,.T.);
#2817=ADVANCED_FACE('',(#383),#2685,.F.);
#2818=ADVANCED_FACE('',(#384),#249,.T.);
#2819=ADVANCED_FACE('',(#385),#2686,.F.);
#2820=ADVANCED_FACE('',(#386),#250,.T.);
#2821=ADVANCED_FACE('',(#387),#2687,.F.);
#2822=ADVANCED_FACE('',(#388),#251,.T.);
#2823=ADVANCED_FACE('',(#389),#2688,.F.);
#2824=ADVANCED_FACE('',(#390),#252,.T.);
#2825=ADVANCED_FACE('',(#391),#2689,.F.);
#2826=ADVANCED_FACE('',(#392),#253,.T.);
#2827=ADVANCED_FACE('',(#393),#2690,.F.);
#2828=ADVANCED_FACE('',(#394),#254,.T.);
#2829=ADVANCED_FACE('',(#395),#2691,.F.);
#2830=ADVANCED_FACE('',(#396),#255,.T.);
#2831=ADVANCED_FACE('',(#397),#2692,.F.);
#2832=ADVANCED_FACE('',(#398),#256,.T.);
#2833=ADVANCED_FACE('',(#399),#2693,.F.);
#2834=ADVANCED_FACE('',(#400),#257,.T.);
#2835=ADVANCED_FACE('',(#401),#2694,.F.);
#2836=ADVANCED_FACE('',(#402),#258,.T.);
#2837=ADVANCED_FACE('',(#403),#2695,.F.);
#2838=ADVANCED_FACE('',(#404),#259,.T.);
#2839=ADVANCED_FACE('',(#405),#2696,.F.);
#2840=ADVANCED_FACE('',(#406),#260,.T.);
#2841=ADVANCED_FACE('',(#407),#2697,.F.);
#2842=ADVANCED_FACE('',(#408),#261,.T.);
#2843=ADVANCED_FACE('',(#409),#2698,.F.);
#2844=ADVANCED_FACE('',(#410),#262,.T.);
#2845=ADVANCED_FACE('',(#411),#2699,.F.);
#2846=ADVANCED_FACE('',(#412),#263,.T.);
#2847=ADVANCED_FACE('',(#413),#264,.T.);
#2848=ADVANCED_FACE('',(#414),#2700,.T.);
#2849=ADVANCED_FACE('',(#415),#265,.T.);
#2850=ADVANCED_FACE('',(#416),#2701,.T.);
#2851=ADVANCED_FACE('',(#417),#266,.T.);
#2852=ADVANCED_FACE('',(#418),#2702,.T.);
#2853=ADVANCED_FACE('',(#419),#267,.F.);
#2854=ADVANCED_FACE('',(#420),#2703,.T.);
#2855=ADVANCED_FACE('',(#421,#41,#42,#43,#44,#45,#46,#47,#48,#49,#50,#51,
#52,#53,#54,#55,#56,#57),#268,.F.);
#2856=ADVANCED_FACE('',(#422),#2704,.F.);
#2857=ADVANCED_FACE('',(#423),#269,.F.);
#2858=ADVANCED_FACE('',(#424,#58),#270,.F.);
#2859=CLOSED_SHELL('',(#2705,#2706,#2707,#2708,#2709,#2710,#2711,#2712,
#2713,#2714,#2715,#2716,#2717,#2718,#2719,#2720,#2721,#2722,#2723,#2724,
#2725,#2726,#2727,#2728,#2729,#2730,#2731,#2732,#2733,#2734,#2735,#2736,
#2737,#2738,#2739,#2740,#2741,#2742,#2743,#2744,#2745,#2746,#2747,#2748,
#2749,#2750,#2751,#2752,#2753,#2754,#2755,#2756,#2757,#2758,#2759,#2760,
#2761,#2762,#2763,#2764,#2765,#2766,#2767,#2768,#2769,#2770,#2771,#2772,
#2773,#2774,#2775,#2776,#2777,#2778,#2779,#2780,#2781,#2782,#2783,#2784,
#2785,#2786,#2787,#2788,#2789,#2790,#2791,#2792,#2793,#2794,#2795,#2796,
#2797,#2798,#2799,#2800,#2801,#2802,#2803,#2804,#2805,#2806,#2807,#2808,
#2809,#2810,#2811,#2812,#2813,#2814,#2815,#2816,#2817,#2818,#2819,#2820,
#2821,#2822,#2823,#2824,#2825,#2826,#2827,#2828,#2829,#2830,#2831,#2832,
#2833,#2834,#2835,#2836,#2837,#2838,#2839,#2840,#2841,#2842,#2843,#2844,
#2845,#2846,#2847,#2848,#2849,#2850,#2851,#2852,#2853,#2854,#2855,#2856,
#2857,#2858));
#2860=DERIVED_UNIT_ELEMENT(#2862,1.);
#2861=DERIVED_UNIT_ELEMENT(#4842,-3.);
#2862=(
MASS_UNIT()
NAMED_UNIT(*)
SI_UNIT(.KILO.,.GRAM.)
);
#2863=DERIVED_UNIT((#2860,#2861));
#2864=MEASURE_REPRESENTATION_ITEM('density measure',
POSITIVE_RATIO_MEASURE(1060.),#2863);
#2865=PROPERTY_DEFINITION_REPRESENTATION(#2870,#2867);
#2866=PROPERTY_DEFINITION_REPRESENTATION(#2871,#2868);
#2867=REPRESENTATION('material name',(#2869),#4839);
#2868=REPRESENTATION('density',(#2864),#4839);
#2869=DESCRIPTIVE_REPRESENTATION_ITEM('ABS Plastic','ABS Plastic');
#2870=PROPERTY_DEFINITION('material property','material name',#4849);
#2871=PROPERTY_DEFINITION('material property','density of part',#4849);
#2872=AXIS2_PLACEMENT_3D('',#4014,#3163,#3164);
#2873=AXIS2_PLACEMENT_3D('',#4015,#3165,#3166);
#2874=AXIS2_PLACEMENT_3D('',#4020,#3168,#3169);
#2875=AXIS2_PLACEMENT_3D('',#4023,#3171,#3172);
#2876=AXIS2_PLACEMENT_3D('',#4024,#3173,#3174);
#2877=AXIS2_PLACEMENT_3D('',#4028,#3176,#3177);
#2878=AXIS2_PLACEMENT_3D('',#4030,#3179,#3180);
#2879=AXIS2_PLACEMENT_3D('',#4034,#3182,#3183);
#2880=AXIS2_PLACEMENT_3D('',#4036,#3185,#3186);
#2881=AXIS2_PLACEMENT_3D('',#4039,#3189,#3190);
#2882=AXIS2_PLACEMENT_3D('',#4045,#3194,#3195);
#2883=AXIS2_PLACEMENT_3D('',#4049,#3198,#3199);
#2884=AXIS2_PLACEMENT_3D('',#4059,#3204,#3205);
#2885=AXIS2_PLACEMENT_3D('',#4068,#3210,#3211);
#2886=AXIS2_PLACEMENT_3D('',#4072,#3214,#3215);
#2887=AXIS2_PLACEMENT_3D('',#4074,#3217,#3218);
#2888=AXIS2_PLACEMENT_3D('',#4076,#3219,#3220);
#2889=AXIS2_PLACEMENT_3D('',#4077,#3221,#3222);
#2890=AXIS2_PLACEMENT_3D('',#4078,#3223,#3224);
#2891=AXIS2_PLACEMENT_3D('',#4081,#3226,#3227);
#2892=AXIS2_PLACEMENT_3D('',#4082,#3228,#3229);
#2893=AXIS2_PLACEMENT_3D('',#4084,#3230,#3231);
#2894=AXIS2_PLACEMENT_3D('',#4085,#3232,#3233);
#2895=AXIS2_PLACEMENT_3D('',#4091,#3237,#3238);
#2896=AXIS2_PLACEMENT_3D('',#4095,#3241,#3242);
#2897=AXIS2_PLACEMENT_3D('',#4099,#3245,#3246);
#2898=AXIS2_PLACEMENT_3D('',#4101,#3248,#3249);
#2899=AXIS2_PLACEMENT_3D('',#4103,#3250,#3251);
#2900=AXIS2_PLACEMENT_3D('',#4106,#3253,#3254);
#2901=AXIS2_PLACEMENT_3D('',#4107,#3255,#3256);
#2902=AXIS2_PLACEMENT_3D('',#4108,#3257,#3258);
#2903=AXIS2_PLACEMENT_3D('',#4110,#3259,#3260);
#2904=AXIS2_PLACEMENT_3D('',#4113,#3262,#3263);
#2905=AXIS2_PLACEMENT_3D('',#4114,#3264,#3265);
#2906=AXIS2_PLACEMENT_3D('',#4115,#3266,#3267);
#2907=AXIS2_PLACEMENT_3D('',#4117,#3268,#3269);
#2908=AXIS2_PLACEMENT_3D('',#4120,#3271,#3272);
#2909=AXIS2_PLACEMENT_3D('',#4121,#3273,#3274);
#2910=AXIS2_PLACEMENT_3D('',#4124,#3276,#3277);
#2911=AXIS2_PLACEMENT_3D('',#4125,#3278,#3279);
#2912=AXIS2_PLACEMENT_3D('',#4131,#3283,#3284);
#2913=AXIS2_PLACEMENT_3D('',#4135,#3287,#3288);
#2914=AXIS2_PLACEMENT_3D('',#4139,#3291,#3292);
#2915=AXIS2_PLACEMENT_3D('',#4141,#3294,#3295);
#2916=AXIS2_PLACEMENT_3D('',#4143,#3296,#3297);
#2917=AXIS2_PLACEMENT_3D('',#4144,#3298,#3299);
#2918=AXIS2_PLACEMENT_3D('',#4146,#3300,#3301);
#2919=AXIS2_PLACEMENT_3D('',#4147,#3302,#3303);
#2920=AXIS2_PLACEMENT_3D('',#4149,#3304,#3305);
#2921=AXIS2_PLACEMENT_3D('',#4150,#3306,#3307);
#2922=AXIS2_PLACEMENT_3D('',#4159,#3312,#3313);
#2923=AXIS2_PLACEMENT_3D('',#4164,#3315,#3316);
#2924=AXIS2_PLACEMENT_3D('',#4168,#3318,#3319);
#2925=AXIS2_PLACEMENT_3D('',#4172,#3321,#3322);
#2926=AXIS2_PLACEMENT_3D('',#4175,#3324,#3325);
#2927=AXIS2_PLACEMENT_3D('',#4180,#3327,#3328);
#2928=AXIS2_PLACEMENT_3D('',#4184,#3330,#3331);
#2929=AXIS2_PLACEMENT_3D('',#4188,#3333,#3334);
#2930=AXIS2_PLACEMENT_3D('',#4191,#3336,#3337);
#2931=AXIS2_PLACEMENT_3D('',#4196,#3339,#3340);
#2932=AXIS2_PLACEMENT_3D('',#4200,#3342,#3343);
#2933=AXIS2_PLACEMENT_3D('',#4204,#3345,#3346);
#2934=AXIS2_PLACEMENT_3D('',#4207,#3348,#3349);
#2935=AXIS2_PLACEMENT_3D('',#4212,#3351,#3352);
#2936=AXIS2_PLACEMENT_3D('',#4216,#3354,#3355);
#2937=AXIS2_PLACEMENT_3D('',#4220,#3357,#3358);
#2938=AXIS2_PLACEMENT_3D('',#4223,#3360,#3361);
#2939=AXIS2_PLACEMENT_3D('',#4228,#3363,#3364);
#2940=AXIS2_PLACEMENT_3D('',#4232,#3366,#3367);
#2941=AXIS2_PLACEMENT_3D('',#4236,#3369,#3370);
#2942=AXIS2_PLACEMENT_3D('',#4239,#3372,#3373);
#2943=AXIS2_PLACEMENT_3D('',#4244,#3375,#3376);
#2944=AXIS2_PLACEMENT_3D('',#4248,#3378,#3379);
#2945=AXIS2_PLACEMENT_3D('',#4252,#3381,#3382);
#2946=AXIS2_PLACEMENT_3D('',#4255,#3384,#3385);
#2947=AXIS2_PLACEMENT_3D('',#4260,#3387,#3388);
#2948=AXIS2_PLACEMENT_3D('',#4264,#3390,#3391);
#2949=AXIS2_PLACEMENT_3D('',#4268,#3393,#3394);
#2950=AXIS2_PLACEMENT_3D('',#4271,#3396,#3397);
#2951=AXIS2_PLACEMENT_3D('',#4276,#3399,#3400);
#2952=AXIS2_PLACEMENT_3D('',#4280,#3402,#3403);
#2953=AXIS2_PLACEMENT_3D('',#4284,#3405,#3406);
#2954=AXIS2_PLACEMENT_3D('',#4287,#3408,#3409);
#2955=AXIS2_PLACEMENT_3D('',#4292,#3411,#3412);
#2956=AXIS2_PLACEMENT_3D('',#4296,#3414,#3415);
#2957=AXIS2_PLACEMENT_3D('',#4300,#3417,#3418);
#2958=AXIS2_PLACEMENT_3D('',#4303,#3420,#3421);
#2959=AXIS2_PLACEMENT_3D('',#4308,#3423,#3424);
#2960=AXIS2_PLACEMENT_3D('',#4312,#3426,#3427);
#2961=AXIS2_PLACEMENT_3D('',#4316,#3429,#3430);
#2962=AXIS2_PLACEMENT_3D('',#4319,#3432,#3433);
#2963=AXIS2_PLACEMENT_3D('',#4324,#3435,#3436);
#2964=AXIS2_PLACEMENT_3D('',#4328,#3438,#3439);
#2965=AXIS2_PLACEMENT_3D('',#4332,#3441,#3442);
#2966=AXIS2_PLACEMENT_3D('',#4335,#3444,#3445);
#2967=AXIS2_PLACEMENT_3D('',#4340,#3447,#3448);
#2968=AXIS2_PLACEMENT_3D('',#4344,#3450,#3451);
#2969=AXIS2_PLACEMENT_3D('',#4348,#3453,#3454);
#2970=AXIS2_PLACEMENT_3D('',#4351,#3456,#3457);
#2971=AXIS2_PLACEMENT_3D('',#4352,#3458,#3459);
#2972=AXIS2_PLACEMENT_3D('',#4354,#3460,#3461);
#2973=AXIS2_PLACEMENT_3D('',#4357,#3463,#3464);
#2974=AXIS2_PLACEMENT_3D('',#4358,#3465,#3466);
#2975=AXIS2_PLACEMENT_3D('',#4360,#3467,#3468);
#2976=AXIS2_PLACEMENT_3D('',#4361,#3469,#3470);
#2977=AXIS2_PLACEMENT_3D('',#4362,#3471,#3472);
#2978=AXIS2_PLACEMENT_3D('',#4364,#3473,#3474);
#2979=AXIS2_PLACEMENT_3D('',#4366,#3476,#3477);
#2980=AXIS2_PLACEMENT_3D('',#4368,#3478,#3479);
#2981=AXIS2_PLACEMENT_3D('',#4369,#3480,#3481);
#2982=AXIS2_PLACEMENT_3D('',#4370,#3482,#3483);
#2983=AXIS2_PLACEMENT_3D('',#4372,#3484,#3485);
#2984=AXIS2_PLACEMENT_3D('',#4374,#3487,#3488);
#2985=AXIS2_PLACEMENT_3D('',#4376,#3489,#3490);
#2986=AXIS2_PLACEMENT_3D('',#4377,#3491,#3492);
#2987=AXIS2_PLACEMENT_3D('',#4378,#3493,#3494);
#2988=AXIS2_PLACEMENT_3D('',#4381,#3496,#3497);
#2989=AXIS2_PLACEMENT_3D('',#4382,#3498,#3499);
#2990=AXIS2_PLACEMENT_3D('',#4383,#3500,#3501);
#2991=AXIS2_PLACEMENT_3D('',#4384,#3502,#3503);
#2992=AXIS2_PLACEMENT_3D('',#4386,#3504,#3505);
#2993=AXIS2_PLACEMENT_3D('',#4388,#3507,#3508);
#2994=AXIS2_PLACEMENT_3D('',#4390,#3509,#3510);
#2995=AXIS2_PLACEMENT_3D('',#4392,#3512,#3513);
#2996=AXIS2_PLACEMENT_3D('',#4394,#3514,#3515);
#2997=AXIS2_PLACEMENT_3D('',#4396,#3517,#3518);
#2998=AXIS2_PLACEMENT_3D('',#4402,#3522,#3523);
#2999=AXIS2_PLACEMENT_3D('',#4406,#3526,#3527);
#3000=AXIS2_PLACEMENT_3D('',#4410,#3530,#3531);
#3001=AXIS2_PLACEMENT_3D('',#4412,#3533,#3534);
#3002=AXIS2_PLACEMENT_3D('',#4415,#3535,#3536);
#3003=AXIS2_PLACEMENT_3D('',#4418,#3539,#3540);
#3004=AXIS2_PLACEMENT_3D('',#4422,#3543,#3544);
#3005=AXIS2_PLACEMENT_3D('',#4424,#3545,#3546);
#3006=AXIS2_PLACEMENT_3D('',#4426,#3548,#3549);
#3007=AXIS2_PLACEMENT_3D('',#4430,#3552,#3553);
#3008=AXIS2_PLACEMENT_3D('',#4432,#3554,#3555);
#3009=AXIS2_PLACEMENT_3D('',#4434,#3557,#3558);
#3010=AXIS2_PLACEMENT_3D('',#4438,#3561,#3562);
#3011=AXIS2_PLACEMENT_3D('',#4440,#3563,#3564);
#3012=AXIS2_PLACEMENT_3D('',#4442,#3566,#3567);
#3013=AXIS2_PLACEMENT_3D('',#4444,#3569,#3570);
#3014=AXIS2_PLACEMENT_3D('',#4447,#3571,#3572);
#3015=AXIS2_PLACEMENT_3D('',#4450,#3575,#3576);
#3016=AXIS2_PLACEMENT_3D('',#4454,#3579,#3580);
#3017=AXIS2_PLACEMENT_3D('',#4456,#3581,#3582);
#3018=AXIS2_PLACEMENT_3D('',#4458,#3584,#3585);
#3019=AXIS2_PLACEMENT_3D('',#4462,#3588,#3589);
#3020=AXIS2_PLACEMENT_3D('',#4464,#3590,#3591);
#3021=AXIS2_PLACEMENT_3D('',#4466,#3593,#3594);
#3022=AXIS2_PLACEMENT_3D('',#4470,#3597,#3598);
#3023=AXIS2_PLACEMENT_3D('',#4472,#3599,#3600);
#3024=AXIS2_PLACEMENT_3D('',#4474,#3602,#3603);
#3025=AXIS2_PLACEMENT_3D('',#4476,#3605,#3606);
#3026=AXIS2_PLACEMENT_3D('',#4479,#3607,#3608);
#3027=AXIS2_PLACEMENT_3D('',#4482,#3611,#3612);
#3028=AXIS2_PLACEMENT_3D('',#4486,#3615,#3616);
#3029=AXIS2_PLACEMENT_3D('',#4488,#3617,#3618);
#3030=AXIS2_PLACEMENT_3D('',#4490,#3620,#3621);
#3031=AXIS2_PLACEMENT_3D('',#4494,#3624,#3625);
#3032=AXIS2_PLACEMENT_3D('',#4496,#3626,#3627);
#3033=AXIS2_PLACEMENT_3D('',#4498,#3629,#3630);
#3034=AXIS2_PLACEMENT_3D('',#4502,#3633,#3634);
#3035=AXIS2_PLACEMENT_3D('',#4504,#3635,#3636);
#3036=AXIS2_PLACEMENT_3D('',#4506,#3638,#3639);
#3037=AXIS2_PLACEMENT_3D('',#4508,#3641,#3642);
#3038=AXIS2_PLACEMENT_3D('',#4511,#3643,#3644);
#3039=AXIS2_PLACEMENT_3D('',#4514,#3647,#3648);
#3040=AXIS2_PLACEMENT_3D('',#4518,#3651,#3652);
#3041=AXIS2_PLACEMENT_3D('',#4520,#3653,#3654);
#3042=AXIS2_PLACEMENT_3D('',#4522,#3656,#3657);
#3043=AXIS2_PLACEMENT_3D('',#4526,#3660,#3661);
#3044=AXIS2_PLACEMENT_3D('',#4528,#3662,#3663);
#3045=AXIS2_PLACEMENT_3D('',#4530,#3665,#3666);
#3046=AXIS2_PLACEMENT_3D('',#4534,#3669,#3670);
#3047=AXIS2_PLACEMENT_3D('',#4536,#3671,#3672);
#3048=AXIS2_PLACEMENT_3D('',#4538,#3674,#3675);
#3049=AXIS2_PLACEMENT_3D('',#4540,#3677,#3678);
#3050=AXIS2_PLACEMENT_3D('',#4543,#3679,#3680);
#3051=AXIS2_PLACEMENT_3D('',#4546,#3683,#3684);
#3052=AXIS2_PLACEMENT_3D('',#4550,#3687,#3688);
#3053=AXIS2_PLACEMENT_3D('',#4552,#3689,#3690);
#3054=AXIS2_PLACEMENT_3D('',#4554,#3692,#3693);
#3055=AXIS2_PLACEMENT_3D('',#4558,#3696,#3697);
#3056=AXIS2_PLACEMENT_3D('',#4560,#3698,#3699);
#3057=AXIS2_PLACEMENT_3D('',#4562,#3701,#3702);
#3058=AXIS2_PLACEMENT_3D('',#4566,#3705,#3706);
#3059=AXIS2_PLACEMENT_3D('',#4568,#3707,#3708);
#3060=AXIS2_PLACEMENT_3D('',#4570,#3710,#3711);
#3061=AXIS2_PLACEMENT_3D('',#4572,#3713,#3714);
#3062=AXIS2_PLACEMENT_3D('',#4575,#3715,#3716);
#3063=AXIS2_PLACEMENT_3D('',#4578,#3719,#3720);
#3064=AXIS2_PLACEMENT_3D('',#4582,#3723,#3724);
#3065=AXIS2_PLACEMENT_3D('',#4584,#3725,#3726);
#3066=AXIS2_PLACEMENT_3D('',#4586,#3728,#3729);
#3067=AXIS2_PLACEMENT_3D('',#4590,#3732,#3733);
#3068=AXIS2_PLACEMENT_3D('',#4592,#3734,#3735);
#3069=AXIS2_PLACEMENT_3D('',#4594,#3737,#3738);
#3070=AXIS2_PLACEMENT_3D('',#4598,#3741,#3742);
#3071=AXIS2_PLACEMENT_3D('',#4600,#3743,#3744);
#3072=AXIS2_PLACEMENT_3D('',#4602,#3746,#3747);
#3073=AXIS2_PLACEMENT_3D('',#4604,#3749,#3750);
#3074=AXIS2_PLACEMENT_3D('',#4607,#3751,#3752);
#3075=AXIS2_PLACEMENT_3D('',#4610,#3755,#3756);
#3076=AXIS2_PLACEMENT_3D('',#4614,#3759,#3760);
#3077=AXIS2_PLACEMENT_3D('',#4616,#3761,#3762);
#3078=AXIS2_PLACEMENT_3D('',#4618,#3764,#3765);
#3079=AXIS2_PLACEMENT_3D('',#4622,#3768,#3769);
#3080=AXIS2_PLACEMENT_3D('',#4624,#3770,#3771);
#3081=AXIS2_PLACEMENT_3D('',#4626,#3773,#3774);
#3082=AXIS2_PLACEMENT_3D('',#4630,#3777,#3778);
#3083=AXIS2_PLACEMENT_3D('',#4632,#3779,#3780);
#3084=AXIS2_PLACEMENT_3D('',#4634,#3782,#3783);
#3085=AXIS2_PLACEMENT_3D('',#4636,#3785,#3786);
#3086=AXIS2_PLACEMENT_3D('',#4639,#3787,#3788);
#3087=AXIS2_PLACEMENT_3D('',#4642,#3791,#3792);
#3088=AXIS2_PLACEMENT_3D('',#4646,#3795,#3796);
#3089=AXIS2_PLACEMENT_3D('',#4648,#3797,#3798);
#3090=AXIS2_PLACEMENT_3D('',#4650,#3800,#3801);
#3091=AXIS2_PLACEMENT_3D('',#4654,#3804,#3805);
#3092=AXIS2_PLACEMENT_3D('',#4656,#3806,#3807);
#3093=AXIS2_PLACEMENT_3D('',#4658,#3809,#3810);
#3094=AXIS2_PLACEMENT_3D('',#4662,#3813,#3814);
#3095=AXIS2_PLACEMENT_3D('',#4664,#3815,#3816);
#3096=AXIS2_PLACEMENT_3D('',#4666,#3818,#3819);
#3097=AXIS2_PLACEMENT_3D('',#4668,#3821,#3822);
#3098=AXIS2_PLACEMENT_3D('',#4671,#3823,#3824);
#3099=AXIS2_PLACEMENT_3D('',#4674,#3827,#3828);
#3100=AXIS2_PLACEMENT_3D('',#4678,#3831,#3832);
#3101=AXIS2_PLACEMENT_3D('',#4680,#3833,#3834);
#3102=AXIS2_PLACEMENT_3D('',#4682,#3836,#3837);
#3103=AXIS2_PLACEMENT_3D('',#4686,#3840,#3841);
#3104=AXIS2_PLACEMENT_3D('',#4688,#3842,#3843);
#3105=AXIS2_PLACEMENT_3D('',#4690,#3845,#3846);
#3106=AXIS2_PLACEMENT_3D('',#4694,#3849,#3850);
#3107=AXIS2_PLACEMENT_3D('',#4696,#3851,#3852);
#3108=AXIS2_PLACEMENT_3D('',#4698,#3854,#3855);
#3109=AXIS2_PLACEMENT_3D('',#4700,#3857,#3858);
#3110=AXIS2_PLACEMENT_3D('',#4703,#3859,#3860);
#3111=AXIS2_PLACEMENT_3D('',#4706,#3863,#3864);
#3112=AXIS2_PLACEMENT_3D('',#4710,#3867,#3868);
#3113=AXIS2_PLACEMENT_3D('',#4712,#3869,#3870);
#3114=AXIS2_PLACEMENT_3D('',#4714,#3872,#3873);
#3115=AXIS2_PLACEMENT_3D('',#4718,#3876,#3877);
#3116=AXIS2_PLACEMENT_3D('',#4720,#3878,#3879);
#3117=AXIS2_PLACEMENT_3D('',#4722,#3881,#3882);
#3118=AXIS2_PLACEMENT_3D('',#4726,#3885,#3886);
#3119=AXIS2_PLACEMENT_3D('',#4728,#3887,#3888);
#3120=AXIS2_PLACEMENT_3D('',#4730,#3890,#3891);
#3121=AXIS2_PLACEMENT_3D('',#4732,#3893,#3894);
#3122=AXIS2_PLACEMENT_3D('',#4735,#3895,#3896);
#3123=AXIS2_PLACEMENT_3D('',#4738,#3899,#3900);
#3124=AXIS2_PLACEMENT_3D('',#4742,#3903,#3904);
#3125=AXIS2_PLACEMENT_3D('',#4744,#3905,#3906);
#3126=AXIS2_PLACEMENT_3D('',#4746,#3908,#3909);
#3127=AXIS2_PLACEMENT_3D('',#4750,#3912,#3913);
#3128=AXIS2_PLACEMENT_3D('',#4752,#3914,#3915);
#3129=AXIS2_PLACEMENT_3D('',#4754,#3917,#3918);
#3130=AXIS2_PLACEMENT_3D('',#4758,#3921,#3922);
#3131=AXIS2_PLACEMENT_3D('',#4760,#3923,#3924);
#3132=AXIS2_PLACEMENT_3D('',#4762,#3926,#3927);
#3133=AXIS2_PLACEMENT_3D('',#4764,#3929,#3930);
#3134=AXIS2_PLACEMENT_3D('',#4767,#3931,#3932);
#3135=AXIS2_PLACEMENT_3D('',#4770,#3935,#3936);
#3136=AXIS2_PLACEMENT_3D('',#4774,#3939,#3940);
#3137=AXIS2_PLACEMENT_3D('',#4776,#3941,#3942);
#3138=AXIS2_PLACEMENT_3D('',#4778,#3944,#3945);
#3139=AXIS2_PLACEMENT_3D('',#4782,#3948,#3949);
#3140=AXIS2_PLACEMENT_3D('',#4784,#3950,#3951);
#3141=AXIS2_PLACEMENT_3D('',#4786,#3953,#3954);
#3142=AXIS2_PLACEMENT_3D('',#4790,#3957,#3958);
#3143=AXIS2_PLACEMENT_3D('',#4792,#3959,#3960);
#3144=AXIS2_PLACEMENT_3D('',#4794,#3962,#3963);
#3145=AXIS2_PLACEMENT_3D('',#4796,#3965,#3966);
#3146=AXIS2_PLACEMENT_3D('',#4802,#3970,#3971);
#3147=AXIS2_PLACEMENT_3D('',#4804,#3972,#3973);
#3148=AXIS2_PLACEMENT_3D('',#4806,#3975,#3976);
#3149=AXIS2_PLACEMENT_3D('',#4810,#3979,#3980);
#3150=AXIS2_PLACEMENT_3D('',#4812,#3981,#3982);
#3151=AXIS2_PLACEMENT_3D('',#4814,#3984,#3985);
#3152=AXIS2_PLACEMENT_3D('',#4818,#3988,#3989);
#3153=AXIS2_PLACEMENT_3D('',#4820,#3990,#3991);
#3154=AXIS2_PLACEMENT_3D('',#4822,#3993,#3994);
#3155=AXIS2_PLACEMENT_3D('',#4826,#3997,#3998);
#3156=AXIS2_PLACEMENT_3D('',#4827,#3999,#4000);
#3157=AXIS2_PLACEMENT_3D('',#4828,#4001,#4002);
#3158=AXIS2_PLACEMENT_3D('',#4830,#4003,#4004);
#3159=AXIS2_PLACEMENT_3D('',#4831,#4005,#4006);
#3160=AXIS2_PLACEMENT_3D('',#4834,#4008,#4009);
#3161=AXIS2_PLACEMENT_3D('',#4835,#4010,#4011);
#3162=AXIS2_PLACEMENT_3D('',#4836,#4012,#4013);
#3163=DIRECTION('axis',(0.,0.,1.));
#3164=DIRECTION('refdir',(1.,0.,0.));
#3165=DIRECTION('center_axis',(0.,1.,0.));
#3166=DIRECTION('ref_axis',(0.382683432365089,0.,0.923879532511287));
#3167=DIRECTION('',(0.,-1.,0.));
#3168=DIRECTION('center_axis',(-0.707106781186545,0.70710678118655,0.));
#3169=DIRECTION('ref_axis',(-0.70710678118655,-0.707106781186545,0.));
#3170=DIRECTION('',(0.,1.,0.));
#3171=DIRECTION('center_axis',(0.707106781186551,0.707106781186544,0.));
#3172=DIRECTION('ref_axis',(-0.707106781186544,0.707106781186551,0.));
#3173=DIRECTION('center_axis',(-1.,0.,0.));
#3174=DIRECTION('ref_axis',(0.,0.382683432365089,0.923879532511287));
#3175=DIRECTION('',(1.,0.,0.));
#3176=DIRECTION('center_axis',(-0.707106781186543,-0.707106781186552,0.));
#3177=DIRECTION('ref_axis',(0.707106781186552,-0.707106781186543,0.));
#3178=DIRECTION('',(-1.,0.,0.));
#3179=DIRECTION('center_axis',(0.,-1.,0.));
#3180=DIRECTION('ref_axis',(-0.382683432365089,0.,0.923879532511287));
#3181=DIRECTION('',(0.,1.,0.));
#3182=DIRECTION('center_axis',(0.707106781186545,-0.70710678118655,0.));
#3183=DIRECTION('ref_axis',(0.70710678118655,0.707106781186545,0.));
#3184=DIRECTION('',(0.,-1.,0.));
#3185=DIRECTION('center_axis',(1.,0.,0.));
#3186=DIRECTION('ref_axis',(0.,-0.38268343236509,0.923879532511287));
#3187=DIRECTION('',(1.,0.,0.));
#3188=DIRECTION('',(-1.,0.,0.));
#3189=DIRECTION('center_axis',(0.,-0.707106781186548,0.707106781186547));
#3190=DIRECTION('ref_axis',(1.,0.,0.));
#3191=DIRECTION('',(-0.577350269189626,0.577350269189625,0.577350269189626));
#3192=DIRECTION('',(1.,0.,0.));
#3193=DIRECTION('',(0.577350269189626,0.577350269189625,0.577350269189626));
#3194=DIRECTION('center_axis',(0.707106781186547,0.,0.707106781186548));
#3195=DIRECTION('ref_axis',(0.707106781186548,0.,-0.707106781186547));
#3196=DIRECTION('',(0.577350269189626,0.577350269189626,-0.577350269189625));
#3197=DIRECTION('',(0.,1.,0.));
#3198=DIRECTION('center_axis',(0.,0.,1.));
#3199=DIRECTION('ref_axis',(1.,0.,0.));
#3200=DIRECTION('',(-1.,0.,0.));
#3201=DIRECTION('',(0.,-1.,0.));
#3202=DIRECTION('',(1.,0.,0.));
#3203=DIRECTION('',(0.,1.,0.));
#3204=DIRECTION('center_axis',(0.,0.,1.));
#3205=DIRECTION('ref_axis',(1.,0.,0.));
#3206=DIRECTION('',(1.,0.,0.));
#3207=DIRECTION('',(0.,-1.,0.));
#3208=DIRECTION('',(-1.,0.,0.));
#3209=DIRECTION('',(0.,1.,0.));
#3210=DIRECTION('center_axis',(-0.707106781186547,0.,0.707106781186548));
#3211=DIRECTION('ref_axis',(0.707106781186548,0.,0.707106781186547));
#3212=DIRECTION('',(0.,-1.,0.));
#3213=DIRECTION('',(0.577350269189626,-0.577350269189626,0.577350269189625));
#3214=DIRECTION('center_axis',(0.,0.707106781186547,0.707106781186548));
#3215=DIRECTION('ref_axis',(1.,0.,0.));
#3216=DIRECTION('',(-1.,0.,0.));
#3217=DIRECTION('center_axis',(0.,0.,1.));
#3218=DIRECTION('ref_axis',(1.,0.,0.));
#3219=DIRECTION('center_axis',(0.,0.,-1.));
#3220=DIRECTION('ref_axis',(1.,0.,0.));
#3221=DIRECTION('center_axis',(0.,-1.,0.));
#3222=DIRECTION('ref_axis',(-1.,0.,0.));
#3223=DIRECTION('center_axis',(0.,0.,1.));
#3224=DIRECTION('ref_axis',(1.,0.,0.));
#3225=DIRECTION('',(0.447213595499958,5.47678698264203E-17,-0.894427190999916));
#3226=DIRECTION('center_axis',(0.,0.,-1.));
#3227=DIRECTION('ref_axis',(1.,0.,0.));
#3228=DIRECTION('center_axis',(0.,0.,1.));
#3229=DIRECTION('ref_axis',(1.,0.,0.));
#3230=DIRECTION('center_axis',(0.,0.,1.));
#3231=DIRECTION('ref_axis',(1.,0.,0.));
#3232=DIRECTION('center_axis',(0.,1.,0.));
#3233=DIRECTION('ref_axis',(-1.,0.,0.));
#3234=DIRECTION('',(0.,0.,1.));
#3235=DIRECTION('',(-1.,0.,0.));
#3236=DIRECTION('',(0.,0.,1.));
#3237=DIRECTION('center_axis',(-1.,0.,0.));
#3238=DIRECTION('ref_axis',(0.,-1.,0.));
#3239=DIRECTION('',(0.,0.,1.));
#3240=DIRECTION('',(0.,-1.,0.));
#3241=DIRECTION('center_axis',(1.,0.,0.));
#3242=DIRECTION('ref_axis',(0.,1.,0.));
#3243=DIRECTION('',(0.,1.,0.));
#3244=DIRECTION('',(0.,0.,1.));
#3245=DIRECTION('center_axis',(0.,-1.,0.));
#3246=DIRECTION('ref_axis',(1.,0.,0.));
#3247=DIRECTION('',(1.,0.,0.));
#3248=DIRECTION('center_axis',(0.,0.,1.));
#3249=DIRECTION('ref_axis',(1.,0.,0.));
#3250=DIRECTION('center_axis',(0.,0.,1.));
#3251=DIRECTION('ref_axis',(1.,0.,0.));
#3252=DIRECTION('',(0.,0.,1.));
#3253=DIRECTION('center_axis',(0.,0.,1.));
#3254=DIRECTION('ref_axis',(1.,0.,0.));
#3255=DIRECTION('center_axis',(0.,0.,1.));
#3256=DIRECTION('ref_axis',(1.,0.,0.));
#3257=DIRECTION('center_axis',(0.,0.,1.));
#3258=DIRECTION('ref_axis',(1.,0.,0.));
#3259=DIRECTION('center_axis',(0.,0.,1.));
#3260=DIRECTION('ref_axis',(1.,0.,0.));
#3261=DIRECTION('',(0.,0.,1.));
#3262=DIRECTION('center_axis',(0.,0.,1.));
#3263=DIRECTION('ref_axis',(1.,0.,0.));
#3264=DIRECTION('center_axis',(0.,0.,1.));
#3265=DIRECTION('ref_axis',(1.,0.,0.));
#3266=DIRECTION('center_axis',(0.,0.,1.));
#3267=DIRECTION('ref_axis',(1.,0.,0.));
#3268=DIRECTION('center_axis',(0.,0.,1.));
#3269=DIRECTION('ref_axis',(1.,0.,0.));
#3270=DIRECTION('',(0.,0.,1.));
#3271=DIRECTION('center_axis',(0.,0.,1.));
#3272=DIRECTION('ref_axis',(1.,0.,0.));
#3273=DIRECTION('center_axis',(0.,0.,1.));
#3274=DIRECTION('ref_axis',(1.,0.,0.));
#3275=DIRECTION('',(0.,0.,-1.));
#3276=DIRECTION('center_axis',(0.,0.,1.));
#3277=DIRECTION('ref_axis',(1.,0.,0.));
#3278=DIRECTION('center_axis',(0.,1.,0.));
#3279=DIRECTION('ref_axis',(-1.,0.,0.));
#3280=DIRECTION('',(1.,0.,0.));
#3281=DIRECTION('',(0.,0.,1.));
#3282=DIRECTION('',(0.,0.,1.));
#3283=DIRECTION('center_axis',(1.,0.,0.));
#3284=DIRECTION('ref_axis',(0.,1.,0.));
#3285=DIRECTION('',(0.,-1.,0.));
#3286=DIRECTION('',(0.,0.,1.));
#3287=DIRECTION('center_axis',(0.,-1.,0.));
#3288=DIRECTION('ref_axis',(1.,0.,0.));
#3289=DIRECTION('',(-1.,0.,0.));
#3290=DIRECTION('',(0.,0.,1.));
#3291=DIRECTION('center_axis',(-1.,0.,0.));
#3292=DIRECTION('ref_axis',(0.,-1.,0.));
#3293=DIRECTION('',(0.,1.,0.));
#3294=DIRECTION('center_axis',(0.,0.,1.));
#3295=DIRECTION('ref_axis',(1.,0.,0.));
#3296=DIRECTION('center_axis',(0.,0.,1.));
#3297=DIRECTION('ref_axis',(1.,0.,0.));
#3298=DIRECTION('center_axis',(0.,0.,1.));
#3299=DIRECTION('ref_axis',(1.,0.,0.));
#3300=DIRECTION('center_axis',(0.,0.,1.));
#3301=DIRECTION('ref_axis',(1.,0.,0.));
#3302=DIRECTION('center_axis',(0.,0.,1.));
#3303=DIRECTION('ref_axis',(1.,0.,0.));
#3304=DIRECTION('center_axis',(0.,0.,1.));
#3305=DIRECTION('ref_axis',(1.,0.,0.));
#3306=DIRECTION('center_axis',(0.,0.,1.));
#3307=DIRECTION('ref_axis',(1.,0.,0.));
#3308=DIRECTION('',(-1.,0.,0.));
#3309=DIRECTION('',(0.,1.,0.));
#3310=DIRECTION('',(1.,0.,0.));
#3311=DIRECTION('',(0.,-1.,0.));
#3312=DIRECTION('center_axis',(0.,0.,1.));
#3313=DIRECTION('ref_axis',(1.,0.,0.));
#3314=DIRECTION('',(1.,0.,0.));
#3315=DIRECTION('center_axis',(0.,0.,-1.));
#3316=DIRECTION('ref_axis',(1.,0.,0.));
#3317=DIRECTION('',(0.,-1.,0.));
#3318=DIRECTION('center_axis',(0.,0.,-1.));
#3319=DIRECTION('ref_axis',(0.,-1.,0.));
#3320=DIRECTION('',(-1.,0.,0.));
#3321=DIRECTION('center_axis',(0.,0.,-1.));
#3322=DIRECTION('ref_axis',(-1.,0.,0.));
#3323=DIRECTION('',(0.,1.,0.));
#3324=DIRECTION('center_axis',(0.,0.,-1.));
#3325=DIRECTION('ref_axis',(0.,1.,0.));
#3326=DIRECTION('',(1.,0.,0.));
#3327=DIRECTION('center_axis',(0.,0.,-1.));
#3328=DIRECTION('ref_axis',(1.,0.,0.));
#3329=DIRECTION('',(0.,-1.,0.));
#3330=DIRECTION('center_axis',(0.,0.,-1.));
#3331=DIRECTION('ref_axis',(0.,-1.,0.));
#3332=DIRECTION('',(-1.,0.,0.));
#3333=DIRECTION('center_axis',(0.,0.,-1.));
#3334=DIRECTION('ref_axis',(-1.,0.,0.));
#3335=DIRECTION('',(0.,1.,0.));
#3336=DIRECTION('center_axis',(0.,0.,-1.));
#3337=DIRECTION('ref_axis',(0.,1.,0.));
#3338=DIRECTION('',(1.,0.,0.));
#3339=DIRECTION('center_axis',(0.,0.,-1.));
#3340=DIRECTION('ref_axis',(1.,0.,0.));
#3341=DIRECTION('',(0.,-1.,0.));
#3342=DIRECTION('center_axis',(0.,0.,-1.));
#3343=DIRECTION('ref_axis',(0.,-1.,0.));
#3344=DIRECTION('',(-1.,0.,0.));
#3345=DIRECTION('center_axis',(0.,0.,-1.));
#3346=DIRECTION('ref_axis',(-1.,0.,0.));
#3347=DIRECTION('',(0.,1.,0.));
#3348=DIRECTION('center_axis',(0.,0.,-1.));
#3349=DIRECTION('ref_axis',(0.,1.,0.));
#3350=DIRECTION('',(1.,0.,0.));
#3351=DIRECTION('center_axis',(0.,0.,-1.));
#3352=DIRECTION('ref_axis',(1.,0.,0.));
#3353=DIRECTION('',(0.,-1.,0.));
#3354=DIRECTION('center_axis',(0.,0.,-1.));
#3355=DIRECTION('ref_axis',(0.,-1.,0.));
#3356=DIRECTION('',(-1.,0.,0.));
#3357=DIRECTION('center_axis',(0.,0.,-1.));
#3358=DIRECTION('ref_axis',(-1.,0.,0.));
#3359=DIRECTION('',(0.,1.,0.));
#3360=DIRECTION('center_axis',(0.,0.,-1.));
#3361=DIRECTION('ref_axis',(0.,1.,0.));
#3362=DIRECTION('',(1.,0.,0.));
#3363=DIRECTION('center_axis',(0.,0.,-1.));
#3364=DIRECTION('ref_axis',(1.,0.,0.));
#3365=DIRECTION('',(0.,-1.,0.));
#3366=DIRECTION('center_axis',(0.,0.,-1.));
#3367=DIRECTION('ref_axis',(0.,-1.,0.));
#3368=DIRECTION('',(-1.,0.,0.));
#3369=DIRECTION('center_axis',(0.,0.,-1.));
#3370=DIRECTION('ref_axis',(-1.,0.,0.));
#3371=DIRECTION('',(0.,1.,0.));
#3372=DIRECTION('center_axis',(0.,0.,-1.));
#3373=DIRECTION('ref_axis',(0.,1.,0.));
#3374=DIRECTION('',(1.,0.,0.));
#3375=DIRECTION('center_axis',(0.,0.,-1.));
#3376=DIRECTION('ref_axis',(1.,0.,0.));
#3377=DIRECTION('',(0.,-1.,0.));
#3378=DIRECTION('center_axis',(0.,0.,-1.));
#3379=DIRECTION('ref_axis',(0.,-1.,0.));
#3380=DIRECTION('',(-1.,0.,0.));
#3381=DIRECTION('center_axis',(0.,0.,-1.));
#3382=DIRECTION('ref_axis',(-1.,0.,0.));
#3383=DIRECTION('',(0.,1.,0.));
#3384=DIRECTION('center_axis',(0.,0.,-1.));
#3385=DIRECTION('ref_axis',(0.,1.,0.));
#3386=DIRECTION('',(1.,0.,0.));
#3387=DIRECTION('center_axis',(0.,0.,-1.));
#3388=DIRECTION('ref_axis',(1.,0.,0.));
#3389=DIRECTION('',(0.,-1.,0.));
#3390=DIRECTION('center_axis',(0.,0.,-1.));
#3391=DIRECTION('ref_axis',(0.,-1.,0.));
#3392=DIRECTION('',(-1.,0.,0.));
#3393=DIRECTION('center_axis',(0.,0.,-1.));
#3394=DIRECTION('ref_axis',(-1.,0.,0.));
#3395=DIRECTION('',(0.,1.,0.));
#3396=DIRECTION('center_axis',(0.,0.,-1.));
#3397=DIRECTION('ref_axis',(0.,1.,0.));
#3398=DIRECTION('',(1.,0.,0.));
#3399=DIRECTION('center_axis',(0.,0.,-1.));
#3400=DIRECTION('ref_axis',(1.,0.,0.));
#3401=DIRECTION('',(0.,-1.,0.));
#3402=DIRECTION('center_axis',(0.,0.,-1.));
#3403=DIRECTION('ref_axis',(0.,-1.,0.));
#3404=DIRECTION('',(-1.,0.,0.));
#3405=DIRECTION('center_axis',(0.,0.,-1.));
#3406=DIRECTION('ref_axis',(-1.,0.,0.));
#3407=DIRECTION('',(0.,1.,0.));
#3408=DIRECTION('center_axis',(0.,0.,-1.));
#3409=DIRECTION('ref_axis',(0.,1.,0.));
#3410=DIRECTION('',(1.,0.,0.));
#3411=DIRECTION('center_axis',(0.,0.,-1.));
#3412=DIRECTION('ref_axis',(1.,0.,0.));
#3413=DIRECTION('',(0.,-1.,0.));
#3414=DIRECTION('center_axis',(0.,0.,-1.));
#3415=DIRECTION('ref_axis',(0.,-1.,0.));
#3416=DIRECTION('',(-1.,0.,0.));
#3417=DIRECTION('center_axis',(0.,0.,-1.));
#3418=DIRECTION('ref_axis',(-1.,0.,0.));
#3419=DIRECTION('',(0.,1.,0.));
#3420=DIRECTION('center_axis',(0.,0.,-1.));
#3421=DIRECTION('ref_axis',(0.,1.,0.));
#3422=DIRECTION('',(1.,0.,0.));
#3423=DIRECTION('center_axis',(0.,0.,-1.));
#3424=DIRECTION('ref_axis',(1.,0.,0.));
#3425=DIRECTION('',(0.,-1.,0.));
#3426=DIRECTION('center_axis',(0.,0.,-1.));
#3427=DIRECTION('ref_axis',(0.,-1.,0.));
#3428=DIRECTION('',(-1.,0.,0.));
#3429=DIRECTION('center_axis',(0.,0.,-1.));
#3430=DIRECTION('ref_axis',(-1.,0.,0.));
#3431=DIRECTION('',(0.,1.,0.));
#3432=DIRECTION('center_axis',(0.,0.,-1.));
#3433=DIRECTION('ref_axis',(0.,1.,0.));
#3434=DIRECTION('',(1.,0.,0.));
#3435=DIRECTION('center_axis',(0.,0.,-1.));
#3436=DIRECTION('ref_axis',(1.,0.,0.));
#3437=DIRECTION('',(0.,-1.,0.));
#3438=DIRECTION('center_axis',(0.,0.,-1.));
#3439=DIRECTION('ref_axis',(0.,-1.,0.));
#3440=DIRECTION('',(-1.,0.,0.));
#3441=DIRECTION('center_axis',(0.,0.,-1.));
#3442=DIRECTION('ref_axis',(-1.,0.,0.));
#3443=DIRECTION('',(0.,1.,0.));
#3444=DIRECTION('center_axis',(0.,0.,-1.));
#3445=DIRECTION('ref_axis',(0.,1.,0.));
#3446=DIRECTION('',(1.,0.,0.));
#3447=DIRECTION('center_axis',(0.,0.,-1.));
#3448=DIRECTION('ref_axis',(1.,0.,0.));
#3449=DIRECTION('',(0.,-1.,0.));
#3450=DIRECTION('center_axis',(0.,0.,-1.));
#3451=DIRECTION('ref_axis',(0.,-1.,0.));
#3452=DIRECTION('',(-1.,0.,0.));
#3453=DIRECTION('center_axis',(0.,0.,-1.));
#3454=DIRECTION('ref_axis',(-1.,0.,0.));
#3455=DIRECTION('',(0.,1.,0.));
#3456=DIRECTION('center_axis',(0.,0.,-1.));
#3457=DIRECTION('ref_axis',(0.,1.,0.));
#3458=DIRECTION('center_axis',(0.,-1.,0.));
#3459=DIRECTION('ref_axis',(-0.707106781186548,0.,0.707106781186547));
#3460=DIRECTION('center_axis',(0.,1.,0.));
#3461=DIRECTION('ref_axis',(-1.,0.,0.));
#3462=DIRECTION('',(0.,-1.,0.));
#3463=DIRECTION('center_axis',(0.,-1.,0.));
#3464=DIRECTION('ref_axis',(-1.,0.,0.));
#3465=DIRECTION('center_axis',(0.408248290463863,-0.816496580927726,-0.408248290463864));
#3466=DIRECTION('ref_axis',(-0.577350269189626,-0.577350269189626,0.577350269189626));
#3467=DIRECTION('center_axis',(0.,0.,1.));
#3468=DIRECTION('ref_axis',(0.,-1.,0.));
#3469=DIRECTION('center_axis',(-1.,4.44089209850063E-16,0.));
#3470=DIRECTION('ref_axis',(0.,0.,1.));
#3471=DIRECTION('center_axis',(1.,0.,0.));
#3472=DIRECTION('ref_axis',(0.,-0.707106781186547,0.707106781186547));
#3473=DIRECTION('center_axis',(1.,0.,0.));
#3474=DIRECTION('ref_axis',(0.,-1.,0.));
#3475=DIRECTION('',(1.,0.,0.));
#3476=DIRECTION('center_axis',(-0.408248290463863,-0.816496580927726,-0.408248290463864));
#3477=DIRECTION('ref_axis',(0.577350269189626,-0.577350269189626,0.577350269189626));
#3478=DIRECTION('center_axis',(0.,0.,1.));
#3479=DIRECTION('ref_axis',(1.,0.,0.));
#3480=DIRECTION('center_axis',(0.,-1.,0.));
#3481=DIRECTION('ref_axis',(0.,0.,1.));
#3482=DIRECTION('center_axis',(0.,1.,0.));
#3483=DIRECTION('ref_axis',(0.707106781186547,0.,0.707106781186547));
#3484=DIRECTION('center_axis',(0.,1.,0.));
#3485=DIRECTION('ref_axis',(0.,0.,1.));
#3486=DIRECTION('',(0.,1.,0.));
#3487=DIRECTION('center_axis',(-0.816496580927726,0.408248290463864,0.408248290463863));
#3488=DIRECTION('ref_axis',(0.577350269189626,0.577350269189626,0.577350269189626));
#3489=DIRECTION('center_axis',(0.,0.,1.));
#3490=DIRECTION('ref_axis',(1.,0.,0.));
#3491=DIRECTION('center_axis',(-1.,0.,0.));
#3492=DIRECTION('ref_axis',(0.,0.,1.));
#3493=DIRECTION('center_axis',(-1.,0.,0.));
#3494=DIRECTION('ref_axis',(0.,0.,1.));
#3495=DIRECTION('',(-1.,0.,0.));
#3496=DIRECTION('center_axis',(-1.,0.,4.44089209850063E-16));
#3497=DIRECTION('ref_axis',(4.44089209850063E-16,0.,1.));
#3498=DIRECTION('center_axis',(-0.408248290463863,-0.816496580927726,0.408248290463863));
#3499=DIRECTION('ref_axis',(-0.577350269189626,0.577350269189626,0.577350269189626));
#3500=DIRECTION('center_axis',(0.,0.,-1.));
#3501=DIRECTION('ref_axis',(-1.,0.,0.));
#3502=DIRECTION('center_axis',(0.,0.,1.));
#3503=DIRECTION('ref_axis',(1.,0.,0.));
#3504=DIRECTION('center_axis',(0.,0.,1.));
#3505=DIRECTION('ref_axis',(1.,0.,0.));
#3506=DIRECTION('',(0.,0.,1.));
#3507=DIRECTION('center_axis',(0.,0.,1.));
#3508=DIRECTION('ref_axis',(1.,0.,0.));
#3509=DIRECTION('center_axis',(0.,0.,1.));
#3510=DIRECTION('ref_axis',(1.,0.,0.));
#3511=DIRECTION('',(0.,0.,1.));
#3512=DIRECTION('center_axis',(0.,0.,1.));
#3513=DIRECTION('ref_axis',(1.,0.,0.));
#3514=DIRECTION('center_axis',(0.,0.,1.));
#3515=DIRECTION('ref_axis',(1.,0.,0.));
#3516=DIRECTION('',(0.,0.,1.));
#3517=DIRECTION('center_axis',(1.,0.,0.));
#3518=DIRECTION('ref_axis',(0.,1.,0.));
#3519=DIRECTION('',(0.,1.,0.));
#3520=DIRECTION('',(0.,0.,1.));
#3521=DIRECTION('',(0.,0.,1.));
#3522=DIRECTION('center_axis',(0.,-1.,0.));
#3523=DIRECTION('ref_axis',(1.,0.,0.));
#3524=DIRECTION('',(1.,0.,0.));
#3525=DIRECTION('',(0.,0.,1.));
#3526=DIRECTION('center_axis',(-1.,0.,0.));
#3527=DIRECTION('ref_axis',(0.,-1.,0.));
#3528=DIRECTION('',(0.,-1.,0.));
#3529=DIRECTION('',(0.,0.,1.));
#3530=DIRECTION('center_axis',(0.,1.,0.));
#3531=DIRECTION('ref_axis',(-1.,0.,0.));
#3532=DIRECTION('',(-1.,0.,0.));
#3533=DIRECTION('center_axis',(0.,0.,1.));
#3534=DIRECTION('ref_axis',(1.,0.,0.));
#3535=DIRECTION('center_axis',(0.,0.,1.));
#3536=DIRECTION('ref_axis',(1.,0.,0.));
#3537=DIRECTION('',(0.,0.,1.));
#3538=DIRECTION('',(0.,0.,1.));
#3539=DIRECTION('center_axis',(-1.,0.,0.));
#3540=DIRECTION('ref_axis',(0.,-1.,0.));
#3541=DIRECTION('',(0.,-1.,0.));
#3542=DIRECTION('',(0.,0.,1.));
#3543=DIRECTION('center_axis',(0.,0.,1.));
#3544=DIRECTION('ref_axis',(0.,-1.,0.));
#3545=DIRECTION('center_axis',(0.,0.,1.));
#3546=DIRECTION('ref_axis',(0.,-1.,0.));
#3547=DIRECTION('',(0.,0.,1.));
#3548=DIRECTION('center_axis',(0.,1.,0.));
#3549=DIRECTION('ref_axis',(-1.,0.,0.));
#3550=DIRECTION('',(1.,0.,0.));
#3551=DIRECTION('',(0.,0.,1.));
#3552=DIRECTION('center_axis',(0.,0.,1.));
#3553=DIRECTION('ref_axis',(-1.,0.,0.));
#3554=DIRECTION('center_axis',(0.,0.,1.));
#3555=DIRECTION('ref_axis',(-1.,0.,0.));
#3556=DIRECTION('',(0.,0.,1.));
#3557=DIRECTION('center_axis',(1.,0.,0.));
#3558=DIRECTION('ref_axis',(0.,1.,0.));
#3559=DIRECTION('',(0.,-1.,0.));
#3560=DIRECTION('',(0.,0.,1.));
#3561=DIRECTION('center_axis',(0.,0.,1.));
#3562=DIRECTION('ref_axis',(0.,1.,0.));
#3563=DIRECTION('center_axis',(0.,0.,1.));
#3564=DIRECTION('ref_axis',(0.,1.,0.));
#3565=DIRECTION('',(0.,0.,1.));
#3566=DIRECTION('center_axis',(0.,-1.,0.));
#3567=DIRECTION('ref_axis',(1.,0.,0.));
#3568=DIRECTION('',(1.,0.,0.));
#3569=DIRECTION('center_axis',(0.,0.,1.));
#3570=DIRECTION('ref_axis',(1.,0.,0.));
#3571=DIRECTION('center_axis',(0.,0.,1.));
#3572=DIRECTION('ref_axis',(1.,0.,0.));
#3573=DIRECTION('',(0.,0.,1.));
#3574=DIRECTION('',(0.,0.,1.));
#3575=DIRECTION('center_axis',(-1.,0.,0.));
#3576=DIRECTION('ref_axis',(0.,-1.,0.));
#3577=DIRECTION('',(0.,-1.,0.));
#3578=DIRECTION('',(0.,0.,1.));
#3579=DIRECTION('center_axis',(0.,0.,1.));
#3580=DIRECTION('ref_axis',(0.,-1.,0.));
#3581=DIRECTION('center_axis',(0.,0.,1.));
#3582=DIRECTION('ref_axis',(0.,-1.,0.));
#3583=DIRECTION('',(0.,0.,1.));
#3584=DIRECTION('center_axis',(0.,1.,0.));
#3585=DIRECTION('ref_axis',(-1.,0.,0.));
#3586=DIRECTION('',(1.,0.,0.));
#3587=DIRECTION('',(0.,0.,1.));
#3588=DIRECTION('center_axis',(0.,0.,1.));
#3589=DIRECTION('ref_axis',(-1.,0.,0.));
#3590=DIRECTION('center_axis',(0.,0.,1.));
#3591=DIRECTION('ref_axis',(-1.,0.,0.));
#3592=DIRECTION('',(0.,0.,1.));
#3593=DIRECTION('center_axis',(1.,0.,0.));
#3594=DIRECTION('ref_axis',(0.,1.,0.));
#3595=DIRECTION('',(0.,-1.,0.));
#3596=DIRECTION('',(0.,0.,1.));
#3597=DIRECTION('center_axis',(0.,0.,1.));
#3598=DIRECTION('ref_axis',(0.,1.,0.));
#3599=DIRECTION('center_axis',(0.,0.,1.));
#3600=DIRECTION('ref_axis',(0.,1.,0.));
#3601=DIRECTION('',(0.,0.,1.));
#3602=DIRECTION('center_axis',(0.,-1.,0.));
#3603=DIRECTION('ref_axis',(1.,0.,0.));
#3604=DIRECTION('',(1.,0.,0.));
#3605=DIRECTION('center_axis',(0.,0.,1.));
#3606=DIRECTION('ref_axis',(1.,0.,0.));
#3607=DIRECTION('center_axis',(0.,0.,1.));
#3608=DIRECTION('ref_axis',(1.,0.,0.));
#3609=DIRECTION('',(0.,0.,1.));
#3610=DIRECTION('',(0.,0.,1.));
#3611=DIRECTION('center_axis',(-1.,0.,0.));
#3612=DIRECTION('ref_axis',(0.,-1.,0.));
#3613=DIRECTION('',(0.,-1.,0.));
#3614=DIRECTION('',(0.,0.,1.));
#3615=DIRECTION('center_axis',(0.,0.,1.));
#3616=DIRECTION('ref_axis',(0.,-1.,0.));
#3617=DIRECTION('center_axis',(0.,0.,1.));
#3618=DIRECTION('ref_axis',(0.,-1.,0.));
#3619=DIRECTION('',(0.,0.,1.));
#3620=DIRECTION('center_axis',(0.,1.,0.));
#3621=DIRECTION('ref_axis',(-1.,0.,0.));
#3622=DIRECTION('',(1.,0.,0.));
#3623=DIRECTION('',(0.,0.,1.));
#3624=DIRECTION('center_axis',(0.,0.,1.));
#3625=DIRECTION('ref_axis',(-1.,0.,0.));
#3626=DIRECTION('center_axis',(0.,0.,1.));
#3627=DIRECTION('ref_axis',(-1.,0.,0.));
#3628=DIRECTION('',(0.,0.,1.));
#3629=DIRECTION('center_axis',(1.,0.,0.));
#3630=DIRECTION('ref_axis',(0.,1.,0.));
#3631=DIRECTION('',(0.,-1.,0.));
#3632=DIRECTION('',(0.,0.,1.));
#3633=DIRECTION('center_axis',(0.,0.,1.));
#3634=DIRECTION('ref_axis',(0.,1.,0.));
#3635=DIRECTION('center_axis',(0.,0.,1.));
#3636=DIRECTION('ref_axis',(0.,1.,0.));
#3637=DIRECTION('',(0.,0.,1.));
#3638=DIRECTION('center_axis',(0.,-1.,0.));
#3639=DIRECTION('ref_axis',(1.,0.,0.));
#3640=DIRECTION('',(1.,0.,0.));
#3641=DIRECTION('center_axis',(0.,0.,1.));
#3642=DIRECTION('ref_axis',(1.,0.,0.));
#3643=DIRECTION('center_axis',(0.,0.,1.));
#3644=DIRECTION('ref_axis',(1.,0.,0.));
#3645=DIRECTION('',(0.,0.,1.));
#3646=DIRECTION('',(0.,0.,1.));
#3647=DIRECTION('center_axis',(-1.,0.,0.));
#3648=DIRECTION('ref_axis',(0.,-1.,0.));
#3649=DIRECTION('',(0.,-1.,0.));
#3650=DIRECTION('',(0.,0.,1.));
#3651=DIRECTION('center_axis',(0.,0.,1.));
#3652=DIRECTION('ref_axis',(0.,-1.,0.));
#3653=DIRECTION('center_axis',(0.,0.,1.));
#3654=DIRECTION('ref_axis',(0.,-1.,0.));
#3655=DIRECTION('',(0.,0.,1.));
#3656=DIRECTION('center_axis',(0.,1.,0.));
#3657=DIRECTION('ref_axis',(-1.,0.,0.));
#3658=DIRECTION('',(1.,0.,0.));
#3659=DIRECTION('',(0.,0.,1.));
#3660=DIRECTION('center_axis',(0.,0.,1.));
#3661=DIRECTION('ref_axis',(-1.,0.,0.));
#3662=DIRECTION('center_axis',(0.,0.,1.));
#3663=DIRECTION('ref_axis',(-1.,0.,0.));
#3664=DIRECTION('',(0.,0.,1.));
#3665=DIRECTION('center_axis',(1.,0.,0.));
#3666=DIRECTION('ref_axis',(0.,1.,0.));
#3667=DIRECTION('',(0.,-1.,0.));
#3668=DIRECTION('',(0.,0.,1.));
#3669=DIRECTION('center_axis',(0.,0.,1.));
#3670=DIRECTION('ref_axis',(0.,1.,0.));
#3671=DIRECTION('center_axis',(0.,0.,1.));
#3672=DIRECTION('ref_axis',(0.,1.,0.));
#3673=DIRECTION('',(0.,0.,1.));
#3674=DIRECTION('center_axis',(0.,-1.,0.));
#3675=DIRECTION('ref_axis',(1.,0.,0.));
#3676=DIRECTION('',(1.,0.,0.));
#3677=DIRECTION('center_axis',(0.,0.,1.));
#3678=DIRECTION('ref_axis',(1.,0.,0.));
#3679=DIRECTION('center_axis',(0.,0.,1.));
#3680=DIRECTION('ref_axis',(1.,0.,0.));
#3681=DIRECTION('',(0.,0.,1.));
#3682=DIRECTION('',(0.,0.,1.));
#3683=DIRECTION('center_axis',(-1.,0.,0.));
#3684=DIRECTION('ref_axis',(0.,-1.,0.));
#3685=DIRECTION('',(0.,-1.,0.));
#3686=DIRECTION('',(0.,0.,1.));
#3687=DIRECTION('center_axis',(0.,0.,1.));
#3688=DIRECTION('ref_axis',(0.,-1.,0.));
#3689=DIRECTION('center_axis',(0.,0.,1.));
#3690=DIRECTION('ref_axis',(0.,-1.,0.));
#3691=DIRECTION('',(0.,0.,1.));
#3692=DIRECTION('center_axis',(0.,1.,0.));
#3693=DIRECTION('ref_axis',(-1.,0.,0.));
#3694=DIRECTION('',(1.,0.,0.));
#3695=DIRECTION('',(0.,0.,1.));
#3696=DIRECTION('center_axis',(0.,0.,1.));
#3697=DIRECTION('ref_axis',(-1.,0.,0.));
#3698=DIRECTION('center_axis',(0.,0.,1.));
#3699=DIRECTION('ref_axis',(-1.,0.,0.));
#3700=DIRECTION('',(0.,0.,1.));
#3701=DIRECTION('center_axis',(1.,0.,0.));
#3702=DIRECTION('ref_axis',(0.,1.,0.));
#3703=DIRECTION('',(0.,-1.,0.));
#3704=DIRECTION('',(0.,0.,1.));
#3705=DIRECTION('center_axis',(0.,0.,1.));
#3706=DIRECTION('ref_axis',(0.,1.,0.));
#3707=DIRECTION('center_axis',(0.,0.,1.));
#3708=DIRECTION('ref_axis',(0.,1.,0.));
#3709=DIRECTION('',(0.,0.,1.));
#3710=DIRECTION('center_axis',(0.,-1.,0.));
#3711=DIRECTION('ref_axis',(1.,0.,0.));
#3712=DIRECTION('',(1.,0.,0.));
#3713=DIRECTION('center_axis',(0.,0.,1.));
#3714=DIRECTION('ref_axis',(1.,0.,0.));
#3715=DIRECTION('center_axis',(0.,0.,1.));
#3716=DIRECTION('ref_axis',(1.,0.,0.));
#3717=DIRECTION('',(0.,0.,1.));
#3718=DIRECTION('',(0.,0.,1.));
#3719=DIRECTION('center_axis',(-1.,0.,0.));
#3720=DIRECTION('ref_axis',(0.,-1.,0.));
#3721=DIRECTION('',(0.,-1.,0.));
#3722=DIRECTION('',(0.,0.,1.));
#3723=DIRECTION('center_axis',(0.,0.,1.));
#3724=DIRECTION('ref_axis',(0.,-1.,0.));
#3725=DIRECTION('center_axis',(0.,0.,1.));
#3726=DIRECTION('ref_axis',(0.,-1.,0.));
#3727=DIRECTION('',(0.,0.,1.));
#3728=DIRECTION('center_axis',(0.,1.,0.));
#3729=DIRECTION('ref_axis',(-1.,0.,0.));
#3730=DIRECTION('',(1.,0.,0.));
#3731=DIRECTION('',(0.,0.,1.));
#3732=DIRECTION('center_axis',(0.,0.,1.));
#3733=DIRECTION('ref_axis',(-1.,0.,0.));
#3734=DIRECTION('center_axis',(0.,0.,1.));
#3735=DIRECTION('ref_axis',(-1.,0.,0.));
#3736=DIRECTION('',(0.,0.,1.));
#3737=DIRECTION('center_axis',(1.,0.,0.));
#3738=DIRECTION('ref_axis',(0.,1.,0.));
#3739=DIRECTION('',(0.,-1.,0.));
#3740=DIRECTION('',(0.,0.,1.));
#3741=DIRECTION('center_axis',(0.,0.,1.));
#3742=DIRECTION('ref_axis',(0.,1.,0.));
#3743=DIRECTION('center_axis',(0.,0.,1.));
#3744=DIRECTION('ref_axis',(0.,1.,0.));
#3745=DIRECTION('',(0.,0.,1.));
#3746=DIRECTION('center_axis',(0.,-1.,0.));
#3747=DIRECTION('ref_axis',(1.,0.,0.));
#3748=DIRECTION('',(1.,0.,0.));
#3749=DIRECTION('center_axis',(0.,0.,1.));
#3750=DIRECTION('ref_axis',(1.,0.,0.));
#3751=DIRECTION('center_axis',(0.,0.,1.));
#3752=DIRECTION('ref_axis',(1.,0.,0.));
#3753=DIRECTION('',(0.,0.,1.));
#3754=DIRECTION('',(0.,0.,1.));
#3755=DIRECTION('center_axis',(-1.,0.,0.));
#3756=DIRECTION('ref_axis',(0.,-1.,0.));
#3757=DIRECTION('',(0.,-1.,0.));
#3758=DIRECTION('',(0.,0.,1.));
#3759=DIRECTION('center_axis',(0.,0.,1.));
#3760=DIRECTION('ref_axis',(0.,-1.,0.));
#3761=DIRECTION('center_axis',(0.,0.,1.));
#3762=DIRECTION('ref_axis',(0.,-1.,0.));
#3763=DIRECTION('',(0.,0.,1.));
#3764=DIRECTION('center_axis',(0.,1.,0.));
#3765=DIRECTION('ref_axis',(-1.,0.,0.));
#3766=DIRECTION('',(1.,0.,0.));
#3767=DIRECTION('',(0.,0.,1.));
#3768=DIRECTION('center_axis',(0.,0.,1.));
#3769=DIRECTION('ref_axis',(-1.,0.,0.));
#3770=DIRECTION('center_axis',(0.,0.,1.));
#3771=DIRECTION('ref_axis',(-1.,0.,0.));
#3772=DIRECTION('',(0.,0.,1.));
#3773=DIRECTION('center_axis',(1.,0.,0.));
#3774=DIRECTION('ref_axis',(0.,1.,0.));
#3775=DIRECTION('',(0.,-1.,0.));
#3776=DIRECTION('',(0.,0.,1.));
#3777=DIRECTION('center_axis',(0.,0.,1.));
#3778=DIRECTION('ref_axis',(0.,1.,0.));
#3779=DIRECTION('center_axis',(0.,0.,1.));
#3780=DIRECTION('ref_axis',(0.,1.,0.));
#3781=DIRECTION('',(0.,0.,1.));
#3782=DIRECTION('center_axis',(0.,-1.,0.));
#3783=DIRECTION('ref_axis',(1.,0.,0.));
#3784=DIRECTION('',(1.,0.,0.));
#3785=DIRECTION('center_axis',(0.,0.,1.));
#3786=DIRECTION('ref_axis',(1.,0.,0.));
#3787=DIRECTION('center_axis',(0.,0.,1.));
#3788=DIRECTION('ref_axis',(1.,0.,0.));
#3789=DIRECTION('',(0.,0.,1.));
#3790=DIRECTION('',(0.,0.,1.));
#3791=DIRECTION('center_axis',(-1.,0.,0.));
#3792=DIRECTION('ref_axis',(0.,-1.,0.));
#3793=DIRECTION('',(0.,-1.,0.));
#3794=DIRECTION('',(0.,0.,1.));
#3795=DIRECTION('center_axis',(0.,0.,1.));
#3796=DIRECTION('ref_axis',(0.,-1.,0.));
#3797=DIRECTION('center_axis',(0.,0.,1.));
#3798=DIRECTION('ref_axis',(0.,-1.,0.));
#3799=DIRECTION('',(0.,0.,1.));
#3800=DIRECTION('center_axis',(0.,1.,0.));
#3801=DIRECTION('ref_axis',(-1.,0.,0.));
#3802=DIRECTION('',(1.,0.,0.));
#3803=DIRECTION('',(0.,0.,1.));
#3804=DIRECTION('center_axis',(0.,0.,1.));
#3805=DIRECTION('ref_axis',(-1.,0.,0.));
#3806=DIRECTION('center_axis',(0.,0.,1.));
#3807=DIRECTION('ref_axis',(-1.,0.,0.));
#3808=DIRECTION('',(0.,0.,1.));
#3809=DIRECTION('center_axis',(1.,0.,0.));
#3810=DIRECTION('ref_axis',(0.,1.,0.));
#3811=DIRECTION('',(0.,-1.,0.));
#3812=DIRECTION('',(0.,0.,1.));
#3813=DIRECTION('center_axis',(0.,0.,1.));
#3814=DIRECTION('ref_axis',(0.,1.,0.));
#3815=DIRECTION('center_axis',(0.,0.,1.));
#3816=DIRECTION('ref_axis',(0.,1.,0.));
#3817=DIRECTION('',(0.,0.,1.));
#3818=DIRECTION('center_axis',(0.,-1.,0.));
#3819=DIRECTION('ref_axis',(1.,0.,0.));
#3820=DIRECTION('',(1.,0.,0.));
#3821=DIRECTION('center_axis',(0.,0.,1.));
#3822=DIRECTION('ref_axis',(1.,0.,0.));
#3823=DIRECTION('center_axis',(0.,0.,1.));
#3824=DIRECTION('ref_axis',(1.,0.,0.));
#3825=DIRECTION('',(0.,0.,1.));
#3826=DIRECTION('',(0.,0.,1.));
#3827=DIRECTION('center_axis',(-1.,0.,0.));
#3828=DIRECTION('ref_axis',(0.,-1.,0.));
#3829=DIRECTION('',(0.,-1.,0.));
#3830=DIRECTION('',(0.,0.,1.));
#3831=DIRECTION('center_axis',(0.,0.,1.));
#3832=DIRECTION('ref_axis',(0.,-1.,0.));
#3833=DIRECTION('center_axis',(0.,0.,1.));
#3834=DIRECTION('ref_axis',(0.,-1.,0.));
#3835=DIRECTION('',(0.,0.,1.));
#3836=DIRECTION('center_axis',(0.,1.,0.));
#3837=DIRECTION('ref_axis',(-1.,0.,0.));
#3838=DIRECTION('',(1.,0.,0.));
#3839=DIRECTION('',(0.,0.,1.));
#3840=DIRECTION('center_axis',(0.,0.,1.));
#3841=DIRECTION('ref_axis',(-1.,0.,0.));
#3842=DIRECTION('center_axis',(0.,0.,1.));
#3843=DIRECTION('ref_axis',(-1.,0.,0.));
#3844=DIRECTION('',(0.,0.,1.));
#3845=DIRECTION('center_axis',(1.,0.,0.));
#3846=DIRECTION('ref_axis',(0.,1.,0.));
#3847=DIRECTION('',(0.,-1.,0.));
#3848=DIRECTION('',(0.,0.,1.));
#3849=DIRECTION('center_axis',(0.,0.,1.));
#3850=DIRECTION('ref_axis',(0.,1.,0.));
#3851=DIRECTION('center_axis',(0.,0.,1.));
#3852=DIRECTION('ref_axis',(0.,1.,0.));
#3853=DIRECTION('',(0.,0.,1.));
#3854=DIRECTION('center_axis',(0.,-1.,0.));
#3855=DIRECTION('ref_axis',(1.,0.,0.));
#3856=DIRECTION('',(1.,0.,0.));
#3857=DIRECTION('center_axis',(0.,0.,1.));
#3858=DIRECTION('ref_axis',(1.,0.,0.));
#3859=DIRECTION('center_axis',(0.,0.,1.));
#3860=DIRECTION('ref_axis',(1.,0.,0.));
#3861=DIRECTION('',(0.,0.,1.));
#3862=DIRECTION('',(0.,0.,1.));
#3863=DIRECTION('center_axis',(-1.,0.,0.));
#3864=DIRECTION('ref_axis',(0.,-1.,0.));
#3865=DIRECTION('',(0.,-1.,0.));
#3866=DIRECTION('',(0.,0.,1.));
#3867=DIRECTION('center_axis',(0.,0.,1.));
#3868=DIRECTION('ref_axis',(0.,-1.,0.));
#3869=DIRECTION('center_axis',(0.,0.,1.));
#3870=DIRECTION('ref_axis',(0.,-1.,0.));
#3871=DIRECTION('',(0.,0.,1.));
#3872=DIRECTION('center_axis',(0.,1.,0.));
#3873=DIRECTION('ref_axis',(-1.,0.,0.));
#3874=DIRECTION('',(1.,0.,0.));
#3875=DIRECTION('',(0.,0.,1.));
#3876=DIRECTION('center_axis',(0.,0.,1.));
#3877=DIRECTION('ref_axis',(-1.,0.,0.));
#3878=DIRECTION('center_axis',(0.,0.,1.));
#3879=DIRECTION('ref_axis',(-1.,0.,0.));
#3880=DIRECTION('',(0.,0.,1.));
#3881=DIRECTION('center_axis',(1.,0.,0.));
#3882=DIRECTION('ref_axis',(0.,1.,0.));
#3883=DIRECTION('',(0.,-1.,0.));
#3884=DIRECTION('',(0.,0.,1.));
#3885=DIRECTION('center_axis',(0.,0.,1.));
#3886=DIRECTION('ref_axis',(0.,1.,0.));
#3887=DIRECTION('center_axis',(0.,0.,1.));
#3888=DIRECTION('ref_axis',(0.,1.,0.));
#3889=DIRECTION('',(0.,0.,1.));
#3890=DIRECTION('center_axis',(0.,-1.,0.));
#3891=DIRECTION('ref_axis',(1.,0.,0.));
#3892=DIRECTION('',(1.,0.,0.));
#3893=DIRECTION('center_axis',(0.,0.,1.));
#3894=DIRECTION('ref_axis',(1.,0.,0.));
#3895=DIRECTION('center_axis',(0.,0.,1.));
#3896=DIRECTION('ref_axis',(1.,0.,0.));
#3897=DIRECTION('',(0.,0.,1.));
#3898=DIRECTION('',(0.,0.,1.));
#3899=DIRECTION('center_axis',(-1.,0.,0.));
#3900=DIRECTION('ref_axis',(0.,-1.,0.));
#3901=DIRECTION('',(0.,-1.,0.));
#3902=DIRECTION('',(0.,0.,1.));
#3903=DIRECTION('center_axis',(0.,0.,1.));
#3904=DIRECTION('ref_axis',(0.,-1.,0.));
#3905=DIRECTION('center_axis',(0.,0.,1.));
#3906=DIRECTION('ref_axis',(0.,-1.,0.));
#3907=DIRECTION('',(0.,0.,1.));
#3908=DIRECTION('center_axis',(0.,1.,0.));
#3909=DIRECTION('ref_axis',(-1.,0.,0.));
#3910=DIRECTION('',(1.,0.,0.));
#3911=DIRECTION('',(0.,0.,1.));
#3912=DIRECTION('center_axis',(0.,0.,1.));
#3913=DIRECTION('ref_axis',(-1.,0.,0.));
#3914=DIRECTION('center_axis',(0.,0.,1.));
#3915=DIRECTION('ref_axis',(-1.,0.,0.));
#3916=DIRECTION('',(0.,0.,1.));
#3917=DIRECTION('center_axis',(1.,0.,0.));
#3918=DIRECTION('ref_axis',(0.,1.,0.));
#3919=DIRECTION('',(0.,-1.,0.));
#3920=DIRECTION('',(0.,0.,1.));
#3921=DIRECTION('center_axis',(0.,0.,1.));
#3922=DIRECTION('ref_axis',(0.,1.,0.));
#3923=DIRECTION('center_axis',(0.,0.,1.));
#3924=DIRECTION('ref_axis',(0.,1.,0.));
#3925=DIRECTION('',(0.,0.,1.));
#3926=DIRECTION('center_axis',(0.,-1.,0.));
#3927=DIRECTION('ref_axis',(1.,0.,0.));
#3928=DIRECTION('',(1.,0.,0.));
#3929=DIRECTION('center_axis',(0.,0.,1.));
#3930=DIRECTION('ref_axis',(1.,0.,0.));
#3931=DIRECTION('center_axis',(0.,0.,1.));
#3932=DIRECTION('ref_axis',(1.,0.,0.));
#3933=DIRECTION('',(0.,0.,1.));
#3934=DIRECTION('',(0.,0.,1.));
#3935=DIRECTION('center_axis',(-1.,0.,0.));
#3936=DIRECTION('ref_axis',(0.,-1.,0.));
#3937=DIRECTION('',(0.,-1.,0.));
#3938=DIRECTION('',(0.,0.,1.));
#3939=DIRECTION('center_axis',(0.,0.,1.));
#3940=DIRECTION('ref_axis',(0.,-1.,0.));
#3941=DIRECTION('center_axis',(0.,0.,1.));
#3942=DIRECTION('ref_axis',(0.,-1.,0.));
#3943=DIRECTION('',(0.,0.,1.));
#3944=DIRECTION('center_axis',(0.,1.,0.));
#3945=DIRECTION('ref_axis',(-1.,0.,0.));
#3946=DIRECTION('',(1.,0.,0.));
#3947=DIRECTION('',(0.,0.,1.));
#3948=DIRECTION('center_axis',(0.,0.,1.));
#3949=DIRECTION('ref_axis',(-1.,0.,0.));
#3950=DIRECTION('center_axis',(0.,0.,1.));
#3951=DIRECTION('ref_axis',(-1.,0.,0.));
#3952=DIRECTION('',(0.,0.,1.));
#3953=DIRECTION('center_axis',(1.,0.,0.));
#3954=DIRECTION('ref_axis',(0.,1.,0.));
#3955=DIRECTION('',(0.,-1.,0.));
#3956=DIRECTION('',(0.,0.,1.));
#3957=DIRECTION('center_axis',(0.,0.,1.));
#3958=DIRECTION('ref_axis',(0.,1.,0.));
#3959=DIRECTION('center_axis',(0.,0.,1.));
#3960=DIRECTION('ref_axis',(0.,1.,0.));
#3961=DIRECTION('',(0.,0.,1.));
#3962=DIRECTION('center_axis',(0.,-1.,0.));
#3963=DIRECTION('ref_axis',(1.,0.,0.));
#3964=DIRECTION('',(1.,0.,0.));
#3965=DIRECTION('center_axis',(-1.,0.,0.));
#3966=DIRECTION('ref_axis',(0.,-1.,0.));
#3967=DIRECTION('',(0.,0.,1.));
#3968=DIRECTION('',(0.,1.,0.));
#3969=DIRECTION('',(0.,0.,-1.));
#3970=DIRECTION('center_axis',(0.,0.,1.));
#3971=DIRECTION('ref_axis',(-0.707106781186547,-0.707106781186547,0.));
#3972=DIRECTION('center_axis',(0.,0.,1.));
#3973=DIRECTION('ref_axis',(-0.707106781186547,-0.707106781186547,0.));
#3974=DIRECTION('',(0.,0.,1.));
#3975=DIRECTION('center_axis',(0.,-1.,0.));
#3976=DIRECTION('ref_axis',(1.,0.,0.));
#3977=DIRECTION('',(-1.,0.,0.));
#3978=DIRECTION('',(0.,0.,-1.));
#3979=DIRECTION('center_axis',(0.,0.,1.));
#3980=DIRECTION('ref_axis',(0.707106781186547,-0.707106781186547,0.));
#3981=DIRECTION('center_axis',(0.,0.,1.));
#3982=DIRECTION('ref_axis',(0.707106781186547,-0.707106781186547,0.));
#3983=DIRECTION('',(0.,0.,1.));
#3984=DIRECTION('center_axis',(1.,0.,0.));
#3985=DIRECTION('ref_axis',(0.,1.,0.));
#3986=DIRECTION('',(0.,0.,-1.));
#3987=DIRECTION('',(0.,-1.,0.));
#3988=DIRECTION('center_axis',(0.,0.,1.));
#3989=DIRECTION('ref_axis',(1.,0.,0.));
#3990=DIRECTION('center_axis',(0.,0.,1.));
#3991=DIRECTION('ref_axis',(1.,0.,0.));
#3992=DIRECTION('',(0.,0.,1.));
#3993=DIRECTION('center_axis',(0.,-1.,0.));
#3994=DIRECTION('ref_axis',(1.,0.,0.));
#3995=DIRECTION('',(0.,0.,-1.));
#3996=DIRECTION('',(1.,0.,0.));
#3997=DIRECTION('center_axis',(0.,0.,-1.));
#3998=DIRECTION('ref_axis',(-1.,0.,0.));
#3999=DIRECTION('center_axis',(0.,0.,1.));
#4000=DIRECTION('ref_axis',(-1.,0.,0.));
#4001=DIRECTION('center_axis',(0.,0.,1.));
#4002=DIRECTION('ref_axis',(1.,0.,0.));
#4003=DIRECTION('center_axis',(0.,0.,1.));
#4004=DIRECTION('ref_axis',(1.,0.,0.));
#4005=DIRECTION('center_axis',(0.,0.,1.));
#4006=DIRECTION('ref_axis',(1.,0.,0.));
#4007=DIRECTION('',(0.,0.,1.));
#4008=DIRECTION('center_axis',(0.,0.,1.));
#4009=DIRECTION('ref_axis',(1.,0.,0.));
#4010=DIRECTION('center_axis',(0.,0.,1.));
#4011=DIRECTION('ref_axis',(1.,0.,0.));
#4012=DIRECTION('center_axis',(0.,0.,1.));
#4013=DIRECTION('ref_axis',(1.,0.,0.));
#4014=CARTESIAN_POINT('',(0.,0.,0.));
#4015=CARTESIAN_POINT('Origin',(42.3687000834722,-43.0837860090236,12.));
#4016=CARTESIAN_POINT('',(42.3687000834722,-16.3208533400884,13.));
#4017=CARTESIAN_POINT('',(42.3687000834722,-27.8268815368616,13.));
#4018=CARTESIAN_POINT('',(42.3687000834722,-43.0837860090236,13.));
#4019=CARTESIAN_POINT('',(43.0758068646587,-27.119774755675,12.7071067811865));
#4020=CARTESIAN_POINT('Origin',(42.3687000834722,-27.8268815368616,12.));
#4021=CARTESIAN_POINT('',(43.0758068646587,-17.027960121275,12.7071067811865));
#4022=CARTESIAN_POINT('',(43.0758068646587,-43.0837860090236,12.7071067811865));
#4023=CARTESIAN_POINT('Origin',(42.3687000834722,-16.3208533400884,12.));
#4024=CARTESIAN_POINT('Origin',(39.7706669277186,-27.8268815368616,12.));
#4025=CARTESIAN_POINT('',(70.5834181738831,-27.8268815368616,13.));
#4026=CARTESIAN_POINT('',(39.7706669277186,-27.8268815368616,13.));
#4027=CARTESIAN_POINT('',(69.8763113926966,-27.119774755675,12.7071067811865));
#4028=CARTESIAN_POINT('Origin',(70.5834181738831,-27.8268815368616,12.));
#4029=CARTESIAN_POINT('',(39.7706669277186,-27.119774755675,12.7071067811865));
#4030=CARTESIAN_POINT('Origin',(70.5834181738831,-44.7531862770303,12.));
#4031=CARTESIAN_POINT('',(70.5834181738831,-16.3208533400884,13.));
#4032=CARTESIAN_POINT('',(70.5834181738831,-44.7531862770303,13.));
#4033=CARTESIAN_POINT('',(69.8763113926966,-17.0279601212749,12.7071067811865));
#4034=CARTESIAN_POINT('Origin',(70.5834181738831,-16.3208533400884,12.));
#4035=CARTESIAN_POINT('',(69.8763113926966,-44.7531862770303,12.7071067811865));
#4036=CARTESIAN_POINT('Origin',(45.6172396691348,-16.3208533400884,12.));
#4037=CARTESIAN_POINT('',(45.6172396691348,-17.027960121275,12.7071067811865));
#4038=CARTESIAN_POINT('',(45.6172396691348,-16.3208533400884,13.));
#4039=CARTESIAN_POINT('Origin',(53.1345613165932,-17.7350669024615,12.));
#4040=CARTESIAN_POINT('',(44.7829136458453,-18.7350669024615,11.));
#4041=CARTESIAN_POINT('',(44.7829136458453,-18.7350669024615,11.));
#4042=CARTESIAN_POINT('',(68.16920461151,-18.7350669024615,11.));
#4043=CARTESIAN_POINT('',(53.1345613165932,-18.7350669024615,11.));
#4044=CARTESIAN_POINT('',(68.16920461151,-18.7350669024615,11.));
#4045=CARTESIAN_POINT('Origin',(43.7829136458453,-34.9675463068362,12.));
#4046=CARTESIAN_POINT('',(44.7829136458453,-25.4126679744885,11.));
#4047=CARTESIAN_POINT('',(42.7829136458453,-27.4126679744885,13.));
#4048=CARTESIAN_POINT('',(44.7829136458453,-34.9675463068362,11.));
#4049=CARTESIAN_POINT('Origin',(38.0999180216764,-51.200025711211,13.));
#4050=CARTESIAN_POINT('',(81.3999962622088,-97.4000518000267,13.));
#4051=CARTESIAN_POINT('',(-5.20016021885607,-97.4000518000267,13.));
#4052=CARTESIAN_POINT('',(13.9498789014102,-97.4000518000267,13.));
#4053=CARTESIAN_POINT('',(81.3999962622088,-9.79999962239527,13.));
#4054=CARTESIAN_POINT('',(81.3999962622088,-76.8000387556188,13.));
#4055=CARTESIAN_POINT('',(-5.20016021885607,-9.79999962239526,13.));
#4056=CARTESIAN_POINT('',(38.0999180216764,-9.79999962239527,13.));
#4057=CARTESIAN_POINT('',(-5.20016021885607,-25.6000126668031,13.));
#4058=CARTESIAN_POINT('',(-1.26106984153045,-22.355947695862,13.));
#4059=CARTESIAN_POINT('Origin',(8.55696414721945,-22.355947695862,13.));
#4060=CARTESIAN_POINT('',(-0.199999995529652,-34.8500000044703,13.));
#4061=CARTESIAN_POINT('',(76.4000036288053,-34.8500000044703,13.));
#4062=CARTESIAN_POINT('',(-0.199999995529652,-34.8500000044703,13.));
#4063=CARTESIAN_POINT('',(76.4000036288053,-92.4000027239788,13.));
#4064=CARTESIAN_POINT('',(76.4000036288053,-34.8500000044703,13.));
#4065=CARTESIAN_POINT('',(-0.199999995529652,-92.4000027239788,13.));
#4066=CARTESIAN_POINT('',(76.4000036288053,-92.4000027239788,13.));
#4067=CARTESIAN_POINT('',(-0.199999995529652,-92.4000027239788,13.));
#4068=CARTESIAN_POINT('Origin',(69.1692046115101,-38.3063468428497,12.));
#4069=CARTESIAN_POINT('',(68.16920461151,-25.4126679744885,11.));
#4070=CARTESIAN_POINT('',(68.16920461151,-38.3063468428497,11.));
#4071=CARTESIAN_POINT('',(68.16920461151,-25.4126679744885,11.));
#4072=CARTESIAN_POINT('Origin',(41.4414158337608,-26.4126679744885,12.));
#4073=CARTESIAN_POINT('',(41.4414158337608,-25.4126679744885,11.));
#4074=CARTESIAN_POINT('Origin',(8.55696414721945,-22.355947695862,12.));
#4075=CARTESIAN_POINT('',(-0.366642650530533,-22.355947695862,12.4472135955));
#4076=CARTESIAN_POINT('Origin',(8.55696414721945,-22.355947695862,12.4472135955));
#4077=CARTESIAN_POINT('Origin',(-1.26106984153045,-22.355947695862,12.));
#4078=CARTESIAN_POINT('Origin',(8.55696414721945,-22.355947695862,12.));
#4079=CARTESIAN_POINT('',(0.356964147219447,-22.355947695862,11.));
#4080=CARTESIAN_POINT('',(-0.143035852780553,-22.355947695862,12.));
#4081=CARTESIAN_POINT('Origin',(8.55696414721945,-22.355947695862,11.));
#4082=CARTESIAN_POINT('Origin',(38.0999180216764,-53.600025711211,11.));
#4083=CARTESIAN_POINT('',(4.55696414721945,-22.355947695862,11.));
#4084=CARTESIAN_POINT('Origin',(8.55696414721945,-22.355947695862,11.));
#4085=CARTESIAN_POINT('Origin',(68.16920461151,-18.7350669024615,4.));
#4086=CARTESIAN_POINT('',(44.7829136458453,-18.7350669024615,10.));
#4087=CARTESIAN_POINT('',(44.7829136458453,-18.7350669024615,4.));
#4088=CARTESIAN_POINT('',(68.16920461151,-18.7350669024615,10.));
#4089=CARTESIAN_POINT('',(53.1345613165932,-18.7350669024615,10.));
#4090=CARTESIAN_POINT('',(68.16920461151,-18.7350669024615,4.));
#4091=CARTESIAN_POINT('Origin',(44.7829136458453,-18.7350669024615,4.));
#4092=CARTESIAN_POINT('',(44.7829136458453,-25.4126679744885,10.));
#4093=CARTESIAN_POINT('',(44.7829136458453,-25.4126679744885,4.));
#4094=CARTESIAN_POINT('',(44.7829136458453,-34.9675463068362,10.));
#4095=CARTESIAN_POINT('Origin',(68.16920461151,-25.4126679744885,4.));
#4096=CARTESIAN_POINT('',(68.16920461151,-25.4126679744885,10.));
#4097=CARTESIAN_POINT('',(68.16920461151,-38.3063468428497,10.));
#4098=CARTESIAN_POINT('',(68.16920461151,-25.4126679744885,4.));
#4099=CARTESIAN_POINT('Origin',(44.7829136458453,-25.4126679744885,4.));
#4100=CARTESIAN_POINT('',(41.4414158337608,-25.4126679744885,10.));
#4101=CARTESIAN_POINT('Origin',(-5.20000007450581,-9.99999997019767,4.));
#4102=CARTESIAN_POINT('',(-6.90000007450581,-9.99999997019767,8.));
#4103=CARTESIAN_POINT('Origin',(-5.20000007450581,-9.99999997019767,8.));
#4104=CARTESIAN_POINT('',(-6.90000007450581,-9.99999997019767,10.));
#4105=CARTESIAN_POINT('',(-6.90000007450581,-9.99999997019767,4.));
#4106=CARTESIAN_POINT('Origin',(-5.20000007450581,-9.99999997019767,10.));
#4107=CARTESIAN_POINT('Origin',(38.0999180216764,-53.600025711211,10.));
#4108=CARTESIAN_POINT('Origin',(-5.20000007450581,-97.4000011920929,4.));
#4109=CARTESIAN_POINT('',(-6.90000007450581,-97.4000011920929,8.));
#4110=CARTESIAN_POINT('Origin',(-5.20000007450581,-97.4000011920929,8.));
#4111=CARTESIAN_POINT('',(-6.90000007450581,-97.4000011920929,10.));
#4112=CARTESIAN_POINT('',(-6.90000007450581,-97.4000011920929,4.));
#4113=CARTESIAN_POINT('Origin',(-5.20000007450581,-97.4000011920929,10.));
#4114=CARTESIAN_POINT('Origin',(38.0999180216764,-53.600025711211,10.));
#4115=CARTESIAN_POINT('Origin',(81.400366610738,-97.39978904105,4.));
#4116=CARTESIAN_POINT('',(79.700366610738,-97.39978904105,8.));
#4117=CARTESIAN_POINT('Origin',(81.400366610738,-97.39978904105,8.));
#4118=CARTESIAN_POINT('',(79.700366610738,-97.39978904105,10.));
#4119=CARTESIAN_POINT('',(79.700366610738,-97.39978904105,4.));
#4120=CARTESIAN_POINT('Origin',(81.400366610738,-97.39978904105,10.));
#4121=CARTESIAN_POINT('Origin',(8.55696414721945,-22.355947695862,10.));
#4122=CARTESIAN_POINT('',(4.55696414721945,-22.355947695862,10.));
#4123=CARTESIAN_POINT('',(4.55696414721945,-22.355947695862,10.));
#4124=CARTESIAN_POINT('Origin',(8.55696414721945,-22.355947695862,10.));
#4125=CARTESIAN_POINT('Origin',(76.4000036288053,-92.4000027239788,4.));
#4126=CARTESIAN_POINT('',(-0.199999995529652,-92.4000027239788,7.));
#4127=CARTESIAN_POINT('',(76.4000036288053,-92.4000027239788,7.));
#4128=CARTESIAN_POINT('',(57.2499608252408,-92.4000027239788,7.));
#4129=CARTESIAN_POINT('',(-0.199999995529652,-92.4000027239788,4.));
#4130=CARTESIAN_POINT('',(76.4000036288053,-92.4000027239788,4.));
#4131=CARTESIAN_POINT('Origin',(-0.199999995529652,-92.4000027239788,4.));
#4132=CARTESIAN_POINT('',(-0.199999995529652,-34.8500000044703,7.));
#4133=CARTESIAN_POINT('',(-0.199999995529652,-71.8000142175949,7.));
#4134=CARTESIAN_POINT('',(-0.199999995529652,-34.8500000044703,4.));
#4135=CARTESIAN_POINT('Origin',(-0.199999995529652,-34.8500000044703,4.));
#4136=CARTESIAN_POINT('',(76.4000036288053,-34.8500000044703,7.));
#4137=CARTESIAN_POINT('',(18.9499590130734,-34.8500000044703,7.));
#4138=CARTESIAN_POINT('',(76.4000036288053,-34.8500000044703,4.));
#4139=CARTESIAN_POINT('Origin',(76.4000036288053,-34.8500000044703,4.));
#4140=CARTESIAN_POINT('',(76.4000036288053,-43.0250128578407,7.));
#4141=CARTESIAN_POINT('Origin',(38.0999180216764,-53.600025711211,8.));
#4142=CARTESIAN_POINT('',(-7.55000007450581,-97.4000011920929,8.));
#4143=CARTESIAN_POINT('Origin',(-5.20000007450581,-97.4000011920929,8.));
#4144=CARTESIAN_POINT('Origin',(38.0999180216764,-53.600025711211,8.));
#4145=CARTESIAN_POINT('',(-7.55000007450581,-9.99999997019767,8.));
#4146=CARTESIAN_POINT('Origin',(-5.20000007450581,-9.99999997019767,8.));
#4147=CARTESIAN_POINT('Origin',(38.0999180216764,-53.600025711211,8.));
#4148=CARTESIAN_POINT('',(79.0503188842864,-10.0004450569913,8.));
#4149=CARTESIAN_POINT('Origin',(81.4003188842863,-10.0004450569913,8.));
#4150=CARTESIAN_POINT('Origin',(38.0999180216764,-51.200025711211,10.));
#4151=CARTESIAN_POINT('',(76.4000036193058,-31.850243408416,10.));
#4152=CARTESIAN_POINT('',(-0.199999999999996,-31.850243408416,10.));
#4153=CARTESIAN_POINT('',(76.4000036193058,-31.850243408416,10.));
#4154=CARTESIAN_POINT('',(-0.199999999999996,-9.80000080983152,10.));
#4155=CARTESIAN_POINT('',(-0.2,-31.850243408416,10.));
#4156=CARTESIAN_POINT('',(76.4000036193058,-9.80000080983152,10.));
#4157=CARTESIAN_POINT('',(-0.2,-9.80000080983153,10.));
#4158=CARTESIAN_POINT('',(76.4000036193058,-9.80000080983153,10.));
#4159=CARTESIAN_POINT('Origin',(38.0999180216764,-51.200025711211,7.));
#4160=CARTESIAN_POINT('',(3.025,-37.575,7.));
#4161=CARTESIAN_POINT('',(16.025,-37.575,7.));
#4162=CARTESIAN_POINT('',(3.025,-37.575,7.));
#4163=CARTESIAN_POINT('',(16.525,-38.075,7.));
#4164=CARTESIAN_POINT('Origin',(16.025,-38.075,7.));
#4165=CARTESIAN_POINT('',(16.525,-51.075,7.));
#4166=CARTESIAN_POINT('',(16.525,-38.075,7.));
#4167=CARTESIAN_POINT('',(16.025,-51.575,7.));
#4168=CARTESIAN_POINT('Origin',(16.025,-51.075,7.));
#4169=CARTESIAN_POINT('',(3.025,-51.575,7.));
#4170=CARTESIAN_POINT('',(3.025,-51.575,7.));
#4171=CARTESIAN_POINT('',(2.525,-51.075,7.));
#4172=CARTESIAN_POINT('Origin',(3.025,-51.075,7.));
#4173=CARTESIAN_POINT('',(2.525,-38.075,7.));
#4174=CARTESIAN_POINT('',(2.525,-38.075,7.));
#4175=CARTESIAN_POINT('Origin',(3.025,-38.075,7.));
#4176=CARTESIAN_POINT('',(22.075,-37.575,7.));
#4177=CARTESIAN_POINT('',(35.075,-37.575,7.));
#4178=CARTESIAN_POINT('',(22.075,-37.575,7.));
#4179=CARTESIAN_POINT('',(35.575,-38.075,7.));
#4180=CARTESIAN_POINT('Origin',(35.075,-38.075,7.));
#4181=CARTESIAN_POINT('',(35.575,-51.075,7.));
#4182=CARTESIAN_POINT('',(35.575,-38.075,7.));
#4183=CARTESIAN_POINT('',(35.075,-51.575,7.));
#4184=CARTESIAN_POINT('Origin',(35.075,-51.075,7.));
#4185=CARTESIAN_POINT('',(22.075,-51.575,7.));
#4186=CARTESIAN_POINT('',(22.075,-51.575,7.));
#4187=CARTESIAN_POINT('',(21.575,-51.075,7.));
#4188=CARTESIAN_POINT('Origin',(22.075,-51.075,7.));
#4189=CARTESIAN_POINT('',(21.575,-38.075,7.));
#4190=CARTESIAN_POINT('',(21.575,-38.075,7.));
#4191=CARTESIAN_POINT('Origin',(22.075,-38.075,7.));
#4192=CARTESIAN_POINT('',(41.125,-37.575,7.));
#4193=CARTESIAN_POINT('',(54.125,-37.575,7.));
#4194=CARTESIAN_POINT('',(41.125,-37.575,7.));
#4195=CARTESIAN_POINT('',(54.625,-38.075,7.));
#4196=CARTESIAN_POINT('Origin',(54.125,-38.075,7.));
#4197=CARTESIAN_POINT('',(54.625,-51.075,7.));
#4198=CARTESIAN_POINT('',(54.625,-38.075,7.));
#4199=CARTESIAN_POINT('',(54.125,-51.575,7.));
#4200=CARTESIAN_POINT('Origin',(54.125,-51.075,7.));
#4201=CARTESIAN_POINT('',(41.125,-51.575,7.));
#4202=CARTESIAN_POINT('',(41.125,-51.575,7.));
#4203=CARTESIAN_POINT('',(40.625,-51.075,7.));
#4204=CARTESIAN_POINT('Origin',(41.125,-51.075,7.));
#4205=CARTESIAN_POINT('',(40.625,-38.075,7.));
#4206=CARTESIAN_POINT('',(40.625,-38.075,7.));
#4207=CARTESIAN_POINT('Origin',(41.125,-38.075,7.));
#4208=CARTESIAN_POINT('',(60.175,-37.575,7.));
#4209=CARTESIAN_POINT('',(73.175,-37.575,7.));
#4210=CARTESIAN_POINT('',(60.175,-37.575,7.));
#4211=CARTESIAN_POINT('',(73.675,-38.075,7.));
#4212=CARTESIAN_POINT('Origin',(73.175,-38.075,7.));
#4213=CARTESIAN_POINT('',(73.675,-51.075,7.));
#4214=CARTESIAN_POINT('',(73.675,-38.075,7.));
#4215=CARTESIAN_POINT('',(73.175,-51.575,7.));
#4216=CARTESIAN_POINT('Origin',(73.175,-51.075,7.));
#4217=CARTESIAN_POINT('',(60.175,-51.575,7.));
#4218=CARTESIAN_POINT('',(60.175,-51.575,7.));
#4219=CARTESIAN_POINT('',(59.675,-51.075,7.));
#4220=CARTESIAN_POINT('Origin',(60.175,-51.075,7.));
#4221=CARTESIAN_POINT('',(59.675,-38.075,7.));
#4222=CARTESIAN_POINT('',(59.675,-38.075,7.));
#4223=CARTESIAN_POINT('Origin',(60.175,-38.075,7.));
#4224=CARTESIAN_POINT('',(3.025,-56.625,7.));
#4225=CARTESIAN_POINT('',(16.025,-56.625,7.));
#4226=CARTESIAN_POINT('',(3.025,-56.625,7.));
#4227=CARTESIAN_POINT('',(16.525,-57.125,7.));
#4228=CARTESIAN_POINT('Origin',(16.025,-57.125,7.));
#4229=CARTESIAN_POINT('',(16.525,-70.125,7.));
#4230=CARTESIAN_POINT('',(16.525,-57.125,7.));
#4231=CARTESIAN_POINT('',(16.025,-70.625,7.));
#4232=CARTESIAN_POINT('Origin',(16.025,-70.125,7.));
#4233=CARTESIAN_POINT('',(3.025,-70.625,7.));
#4234=CARTESIAN_POINT('',(3.025,-70.625,7.));
#4235=CARTESIAN_POINT('',(2.525,-70.125,7.));
#4236=CARTESIAN_POINT('Origin',(3.025,-70.125,7.));
#4237=CARTESIAN_POINT('',(2.525,-57.125,7.));
#4238=CARTESIAN_POINT('',(2.525,-57.125,7.));
#4239=CARTESIAN_POINT('Origin',(3.025,-57.125,7.));
#4240=CARTESIAN_POINT('',(22.075,-56.625,7.));
#4241=CARTESIAN_POINT('',(35.075,-56.625,7.));
#4242=CARTESIAN_POINT('',(22.075,-56.625,7.));
#4243=CARTESIAN_POINT('',(35.575,-57.125,7.));
#4244=CARTESIAN_POINT('Origin',(35.075,-57.125,7.));
#4245=CARTESIAN_POINT('',(35.575,-70.125,7.));
#4246=CARTESIAN_POINT('',(35.575,-57.125,7.));
#4247=CARTESIAN_POINT('',(35.075,-70.625,7.));
#4248=CARTESIAN_POINT('Origin',(35.075,-70.125,7.));
#4249=CARTESIAN_POINT('',(22.075,-70.625,7.));
#4250=CARTESIAN_POINT('',(22.075,-70.625,7.));
#4251=CARTESIAN_POINT('',(21.575,-70.125,7.));
#4252=CARTESIAN_POINT('Origin',(22.075,-70.125,7.));
#4253=CARTESIAN_POINT('',(21.575,-57.125,7.));
#4254=CARTESIAN_POINT('',(21.575,-57.125,7.));
#4255=CARTESIAN_POINT('Origin',(22.075,-57.125,7.));
#4256=CARTESIAN_POINT('',(41.125,-56.625,7.));
#4257=CARTESIAN_POINT('',(54.125,-56.625,7.));
#4258=CARTESIAN_POINT('',(41.125,-56.625,7.));
#4259=CARTESIAN_POINT('',(54.625,-57.125,7.));
#4260=CARTESIAN_POINT('Origin',(54.125,-57.125,7.));
#4261=CARTESIAN_POINT('',(54.625,-70.125,7.));
#4262=CARTESIAN_POINT('',(54.625,-57.125,7.));
#4263=CARTESIAN_POINT('',(54.125,-70.625,7.));
#4264=CARTESIAN_POINT('Origin',(54.125,-70.125,7.));
#4265=CARTESIAN_POINT('',(41.125,-70.625,7.));
#4266=CARTESIAN_POINT('',(41.125,-70.625,7.));
#4267=CARTESIAN_POINT('',(40.625,-70.125,7.));
#4268=CARTESIAN_POINT('Origin',(41.125,-70.125,7.));
#4269=CARTESIAN_POINT('',(40.625,-57.125,7.));
#4270=CARTESIAN_POINT('',(40.625,-57.125,7.));
#4271=CARTESIAN_POINT('Origin',(41.125,-57.125,7.));
#4272=CARTESIAN_POINT('',(60.175,-56.625,7.));
#4273=CARTESIAN_POINT('',(73.175,-56.625,7.));
#4274=CARTESIAN_POINT('',(60.175,-56.625,7.));
#4275=CARTESIAN_POINT('',(73.675,-57.125,7.));
#4276=CARTESIAN_POINT('Origin',(73.175,-57.125,7.));
#4277=CARTESIAN_POINT('',(73.675,-70.125,7.));
#4278=CARTESIAN_POINT('',(73.675,-57.125,7.));
#4279=CARTESIAN_POINT('',(73.175,-70.625,7.));
#4280=CARTESIAN_POINT('Origin',(73.175,-70.125,7.));
#4281=CARTESIAN_POINT('',(60.175,-70.625,7.));
#4282=CARTESIAN_POINT('',(60.175,-70.625,7.));
#4283=CARTESIAN_POINT('',(59.675,-70.125,7.));
#4284=CARTESIAN_POINT('Origin',(60.175,-70.125,7.));
#4285=CARTESIAN_POINT('',(59.675,-57.125,7.));
#4286=CARTESIAN_POINT('',(59.675,-57.125,7.));
#4287=CARTESIAN_POINT('Origin',(60.175,-57.125,7.));
#4288=CARTESIAN_POINT('',(3.025,-75.675,7.));
#4289=CARTESIAN_POINT('',(16.025,-75.675,7.));
#4290=CARTESIAN_POINT('',(3.025,-75.675,7.));
#4291=CARTESIAN_POINT('',(16.525,-76.175,7.));
#4292=CARTESIAN_POINT('Origin',(16.025,-76.175,7.));
#4293=CARTESIAN_POINT('',(16.525,-89.175,7.));
#4294=CARTESIAN_POINT('',(16.525,-76.175,7.));
#4295=CARTESIAN_POINT('',(16.025,-89.675,7.));
#4296=CARTESIAN_POINT('Origin',(16.025,-89.175,7.));
#4297=CARTESIAN_POINT('',(3.025,-89.675,7.));
#4298=CARTESIAN_POINT('',(3.025,-89.675,7.));
#4299=CARTESIAN_POINT('',(2.525,-89.175,7.));
#4300=CARTESIAN_POINT('Origin',(3.025,-89.175,7.));
#4301=CARTESIAN_POINT('',(2.525,-76.175,7.));
#4302=CARTESIAN_POINT('',(2.525,-76.175,7.));
#4303=CARTESIAN_POINT('Origin',(3.025,-76.175,7.));
#4304=CARTESIAN_POINT('',(22.075,-75.675,7.));
#4305=CARTESIAN_POINT('',(35.075,-75.675,7.));
#4306=CARTESIAN_POINT('',(22.075,-75.675,7.));
#4307=CARTESIAN_POINT('',(35.575,-76.175,7.));
#4308=CARTESIAN_POINT('Origin',(35.075,-76.175,7.));
#4309=CARTESIAN_POINT('',(35.575,-89.175,7.));
#4310=CARTESIAN_POINT('',(35.575,-76.175,7.));
#4311=CARTESIAN_POINT('',(35.075,-89.675,7.));
#4312=CARTESIAN_POINT('Origin',(35.075,-89.175,7.));
#4313=CARTESIAN_POINT('',(22.075,-89.675,7.));
#4314=CARTESIAN_POINT('',(22.075,-89.675,7.));
#4315=CARTESIAN_POINT('',(21.575,-89.175,7.));
#4316=CARTESIAN_POINT('Origin',(22.075,-89.175,7.));
#4317=CARTESIAN_POINT('',(21.575,-76.175,7.));
#4318=CARTESIAN_POINT('',(21.575,-76.175,7.));
#4319=CARTESIAN_POINT('Origin',(22.075,-76.175,7.));
#4320=CARTESIAN_POINT('',(41.125,-75.675,7.));
#4321=CARTESIAN_POINT('',(54.125,-75.675,7.));
#4322=CARTESIAN_POINT('',(41.125,-75.675,7.));
#4323=CARTESIAN_POINT('',(54.625,-76.175,7.));
#4324=CARTESIAN_POINT('Origin',(54.125,-76.175,7.));
#4325=CARTESIAN_POINT('',(54.625,-89.175,7.));
#4326=CARTESIAN_POINT('',(54.625,-76.175,7.));
#4327=CARTESIAN_POINT('',(54.125,-89.675,7.));
#4328=CARTESIAN_POINT('Origin',(54.125,-89.175,7.));
#4329=CARTESIAN_POINT('',(41.125,-89.675,7.));
#4330=CARTESIAN_POINT('',(41.125,-89.675,7.));
#4331=CARTESIAN_POINT('',(40.625,-89.175,7.));
#4332=CARTESIAN_POINT('Origin',(41.125,-89.175,7.));
#4333=CARTESIAN_POINT('',(40.625,-76.175,7.));
#4334=CARTESIAN_POINT('',(40.625,-76.175,7.));
#4335=CARTESIAN_POINT('Origin',(41.125,-76.175,7.));
#4336=CARTESIAN_POINT('',(60.175,-75.675,7.));
#4337=CARTESIAN_POINT('',(73.175,-75.675,7.));
#4338=CARTESIAN_POINT('',(60.175,-75.675,7.));
#4339=CARTESIAN_POINT('',(73.675,-76.175,7.));
#4340=CARTESIAN_POINT('Origin',(73.175,-76.175,7.));
#4341=CARTESIAN_POINT('',(73.675,-89.175,7.));
#4342=CARTESIAN_POINT('',(73.675,-76.175,7.));
#4343=CARTESIAN_POINT('',(73.175,-89.675,7.));
#4344=CARTESIAN_POINT('Origin',(73.175,-89.175,7.));
#4345=CARTESIAN_POINT('',(60.175,-89.675,7.));
#4346=CARTESIAN_POINT('',(60.175,-89.675,7.));
#4347=CARTESIAN_POINT('',(59.675,-89.175,7.));
#4348=CARTESIAN_POINT('Origin',(60.175,-89.175,7.));
#4349=CARTESIAN_POINT('',(59.675,-76.175,7.));
#4350=CARTESIAN_POINT('',(59.675,-76.175,7.));
#4351=CARTESIAN_POINT('Origin',(60.175,-76.175,7.));
#4352=CARTESIAN_POINT('Origin',(-5.20016021885607,-25.6000126668031,8.));
#4353=CARTESIAN_POINT('',(-10.2001602188561,-9.79999962239526,8.));
#4354=CARTESIAN_POINT('Origin',(-5.20016021885607,-9.79999962239526,8.));
#4355=CARTESIAN_POINT('',(-10.2001602188561,-97.4000518000267,8.));
#4356=CARTESIAN_POINT('',(-10.2001602188561,-25.6000126668031,8.));
#4357=CARTESIAN_POINT('Origin',(-5.20016021885607,-97.4000518000267,8.));
#4358=CARTESIAN_POINT('Origin',(-5.20016021885607,-97.4000518000267,8.));
#4359=CARTESIAN_POINT('',(-5.20016021885607,-102.400051800027,8.));
#4360=CARTESIAN_POINT('Origin',(-5.20016021885607,-97.4000518000267,8.));
#4361=CARTESIAN_POINT('Origin',(-5.20016021885607,-97.4000518000267,8.));
#4362=CARTESIAN_POINT('Origin',(13.9498789014102,-97.4000518000267,8.));
#4363=CARTESIAN_POINT('',(81.3999962622088,-102.400051800027,8.));
#4364=CARTESIAN_POINT('Origin',(81.3999962622088,-97.4000518000267,8.));
#4365=CARTESIAN_POINT('',(13.9498789014102,-102.400051800027,8.));
#4366=CARTESIAN_POINT('Origin',(81.3999962622088,-97.4000518000267,8.));
#4367=CARTESIAN_POINT('',(86.3999962622088,-97.4000518000267,8.));
#4368=CARTESIAN_POINT('Origin',(81.3999962622088,-97.4000518000267,8.));
#4369=CARTESIAN_POINT('Origin',(81.3999962622088,-97.4000518000267,8.));
#4370=CARTESIAN_POINT('Origin',(81.3999962622088,-76.8000387556188,8.));
#4371=CARTESIAN_POINT('',(86.3999962622088,-9.79999962239527,8.));
#4372=CARTESIAN_POINT('Origin',(81.3999962622088,-9.79999962239527,8.));
#4373=CARTESIAN_POINT('',(86.3999962622088,-76.8000387556188,8.));
#4374=CARTESIAN_POINT('Origin',(81.3999962622088,-9.79999962239527,8.));
#4375=CARTESIAN_POINT('',(81.3999962622088,-4.79999962239526,8.));
#4376=CARTESIAN_POINT('Origin',(81.3999962622088,-9.79999962239527,8.));
#4377=CARTESIAN_POINT('Origin',(81.3999962622088,-9.79999962239527,8.));
#4378=CARTESIAN_POINT('Origin',(38.0999180216764,-9.79999962239527,8.));
#4379=CARTESIAN_POINT('',(-5.20016021885607,-4.79999962239526,8.));
#4380=CARTESIAN_POINT('',(38.0999180216764,-4.79999962239526,8.));
#4381=CARTESIAN_POINT('Origin',(-5.20016021885607,-9.79999962239526,8.));
#4382=CARTESIAN_POINT('Origin',(-5.20016021885607,-9.79999962239526,8.));
#4383=CARTESIAN_POINT('Origin',(-5.20016021885607,-9.79999962239526,8.));
#4384=CARTESIAN_POINT('Origin',(-5.20000007450581,-97.4000011920929,4.));
#4385=CARTESIAN_POINT('',(-7.55000007450581,-97.4000011920929,4.));
#4386=CARTESIAN_POINT('Origin',(-5.20000007450581,-97.4000011920929,4.));
#4387=CARTESIAN_POINT('',(-7.55000007450581,-97.4000011920929,4.));
#4388=CARTESIAN_POINT('Origin',(-5.20000007450581,-9.99999997019767,4.));
#4389=CARTESIAN_POINT('',(-7.55000007450581,-9.99999997019767,4.));
#4390=CARTESIAN_POINT('Origin',(-5.20000007450581,-9.99999997019767,4.));
#4391=CARTESIAN_POINT('',(-7.55000007450581,-9.99999997019767,4.));
#4392=CARTESIAN_POINT('Origin',(81.4003188842863,-10.0004450569913,4.));
#4393=CARTESIAN_POINT('',(79.0503188842864,-10.0004450569913,4.));
#4394=CARTESIAN_POINT('Origin',(81.4003188842863,-10.0004450569913,4.));
#4395=CARTESIAN_POINT('',(79.0503188842864,-10.0004450569913,4.));
#4396=CARTESIAN_POINT('Origin',(-0.2,-31.850243408416,4.));
#4397=CARTESIAN_POINT('',(-0.199999999999996,-31.850243408416,4.));
#4398=CARTESIAN_POINT('',(-0.2,-9.80000080983153,4.));
#4399=CARTESIAN_POINT('',(-0.2,-31.850243408416,4.));
#4400=CARTESIAN_POINT('',(-0.2,-9.80000080983153,4.));
#4401=CARTESIAN_POINT('',(-0.199999999999996,-31.850243408416,4.));
#4402=CARTESIAN_POINT('Origin',(-0.2,-9.80000080983153,4.));
#4403=CARTESIAN_POINT('',(76.4000036193058,-9.80000080983153,4.));
#4404=CARTESIAN_POINT('',(-0.2,-9.80000080983153,4.));
#4405=CARTESIAN_POINT('',(76.4000036193058,-9.80000080983153,4.));
#4406=CARTESIAN_POINT('Origin',(76.4000036193058,-9.80000080983153,4.));
#4407=CARTESIAN_POINT('',(76.4000036193058,-31.850243408416,4.));
#4408=CARTESIAN_POINT('',(76.4000036193058,-9.80000080983153,4.));
#4409=CARTESIAN_POINT('',(76.4000036193058,-31.850243408416,4.));
#4410=CARTESIAN_POINT('Origin',(76.4000036193058,-31.850243408416,4.));
#4411=CARTESIAN_POINT('',(76.4000036193058,-31.850243408416,4.));
#4412=CARTESIAN_POINT('Origin',(16.025,-38.075,4.));
#4413=CARTESIAN_POINT('',(16.525,-38.075,4.));
#4414=CARTESIAN_POINT('',(16.025,-37.575,4.));
#4415=CARTESIAN_POINT('Origin',(16.025,-38.075,4.));
#4416=CARTESIAN_POINT('',(16.525,-38.075,4.));
#4417=CARTESIAN_POINT('',(16.025,-37.575,4.));
#4418=CARTESIAN_POINT('Origin',(16.525,-38.075,4.));
#4419=CARTESIAN_POINT('',(16.525,-51.075,4.));
#4420=CARTESIAN_POINT('',(16.525,-38.075,4.));
#4421=CARTESIAN_POINT('',(16.525,-51.075,4.));
#4422=CARTESIAN_POINT('Origin',(16.025,-51.075,4.));
#4423=CARTESIAN_POINT('',(16.025,-51.575,4.));
#4424=CARTESIAN_POINT('Origin',(16.025,-51.075,4.));
#4425=CARTESIAN_POINT('',(16.025,-51.575,4.));
#4426=CARTESIAN_POINT('Origin',(16.025,-51.575,4.));
#4427=CARTESIAN_POINT('',(3.025,-51.575,4.));
#4428=CARTESIAN_POINT('',(3.025,-51.575,4.));
#4429=CARTESIAN_POINT('',(3.025,-51.575,4.));
#4430=CARTESIAN_POINT('Origin',(3.025,-51.075,4.));
#4431=CARTESIAN_POINT('',(2.525,-51.075,4.));
#4432=CARTESIAN_POINT('Origin',(3.025,-51.075,4.));
#4433=CARTESIAN_POINT('',(2.525,-51.075,4.));
#4434=CARTESIAN_POINT('Origin',(2.525,-51.075,4.));
#4435=CARTESIAN_POINT('',(2.525,-38.075,4.));
#4436=CARTESIAN_POINT('',(2.525,-38.075,4.));
#4437=CARTESIAN_POINT('',(2.525,-38.075,4.));
#4438=CARTESIAN_POINT('Origin',(3.025,-38.075,4.));
#4439=CARTESIAN_POINT('',(3.025,-37.575,4.));
#4440=CARTESIAN_POINT('Origin',(3.025,-38.075,4.));
#4441=CARTESIAN_POINT('',(3.025,-37.575,4.));
#4442=CARTESIAN_POINT('Origin',(3.025,-37.575,4.));
#4443=CARTESIAN_POINT('',(3.025,-37.575,4.));
#4444=CARTESIAN_POINT('Origin',(35.075,-38.075,4.));
#4445=CARTESIAN_POINT('',(35.575,-38.075,4.));
#4446=CARTESIAN_POINT('',(35.075,-37.575,4.));
#4447=CARTESIAN_POINT('Origin',(35.075,-38.075,4.));
#4448=CARTESIAN_POINT('',(35.575,-38.075,4.));
#4449=CARTESIAN_POINT('',(35.075,-37.575,4.));
#4450=CARTESIAN_POINT('Origin',(35.575,-38.075,4.));
#4451=CARTESIAN_POINT('',(35.575,-51.075,4.));
#4452=CARTESIAN_POINT('',(35.575,-38.075,4.));
#4453=CARTESIAN_POINT('',(35.575,-51.075,4.));
#4454=CARTESIAN_POINT('Origin',(35.075,-51.075,4.));
#4455=CARTESIAN_POINT('',(35.075,-51.575,4.));
#4456=CARTESIAN_POINT('Origin',(35.075,-51.075,4.));
#4457=CARTESIAN_POINT('',(35.075,-51.575,4.));
#4458=CARTESIAN_POINT('Origin',(35.075,-51.575,4.));
#4459=CARTESIAN_POINT('',(22.075,-51.575,4.));
#4460=CARTESIAN_POINT('',(22.075,-51.575,4.));
#4461=CARTESIAN_POINT('',(22.075,-51.575,4.));
#4462=CARTESIAN_POINT('Origin',(22.075,-51.075,4.));
#4463=CARTESIAN_POINT('',(21.575,-51.075,4.));
#4464=CARTESIAN_POINT('Origin',(22.075,-51.075,4.));
#4465=CARTESIAN_POINT('',(21.575,-51.075,4.));
#4466=CARTESIAN_POINT('Origin',(21.575,-51.075,4.));
#4467=CARTESIAN_POINT('',(21.575,-38.075,4.));
#4468=CARTESIAN_POINT('',(21.575,-38.075,4.));
#4469=CARTESIAN_POINT('',(21.575,-38.075,4.));
#4470=CARTESIAN_POINT('Origin',(22.075,-38.075,4.));
#4471=CARTESIAN_POINT('',(22.075,-37.575,4.));
#4472=CARTESIAN_POINT('Origin',(22.075,-38.075,4.));
#4473=CARTESIAN_POINT('',(22.075,-37.575,4.));
#4474=CARTESIAN_POINT('Origin',(22.075,-37.575,4.));
#4475=CARTESIAN_POINT('',(22.075,-37.575,4.));
#4476=CARTESIAN_POINT('Origin',(54.125,-38.075,4.));
#4477=CARTESIAN_POINT('',(54.625,-38.075,4.));
#4478=CARTESIAN_POINT('',(54.125,-37.575,4.));
#4479=CARTESIAN_POINT('Origin',(54.125,-38.075,4.));
#4480=CARTESIAN_POINT('',(54.625,-38.075,4.));
#4481=CARTESIAN_POINT('',(54.125,-37.575,4.));
#4482=CARTESIAN_POINT('Origin',(54.625,-38.075,4.));
#4483=CARTESIAN_POINT('',(54.625,-51.075,4.));
#4484=CARTESIAN_POINT('',(54.625,-38.075,4.));
#4485=CARTESIAN_POINT('',(54.625,-51.075,4.));
#4486=CARTESIAN_POINT('Origin',(54.125,-51.075,4.));
#4487=CARTESIAN_POINT('',(54.125,-51.575,4.));
#4488=CARTESIAN_POINT('Origin',(54.125,-51.075,4.));
#4489=CARTESIAN_POINT('',(54.125,-51.575,4.));
#4490=CARTESIAN_POINT('Origin',(54.125,-51.575,4.));
#4491=CARTESIAN_POINT('',(41.125,-51.575,4.));
#4492=CARTESIAN_POINT('',(41.125,-51.575,4.));
#4493=CARTESIAN_POINT('',(41.125,-51.575,4.));
#4494=CARTESIAN_POINT('Origin',(41.125,-51.075,4.));
#4495=CARTESIAN_POINT('',(40.625,-51.075,4.));
#4496=CARTESIAN_POINT('Origin',(41.125,-51.075,4.));
#4497=CARTESIAN_POINT('',(40.625,-51.075,4.));
#4498=CARTESIAN_POINT('Origin',(40.625,-51.075,4.));
#4499=CARTESIAN_POINT('',(40.625,-38.075,4.));
#4500=CARTESIAN_POINT('',(40.625,-38.075,4.));
#4501=CARTESIAN_POINT('',(40.625,-38.075,4.));
#4502=CARTESIAN_POINT('Origin',(41.125,-38.075,4.));
#4503=CARTESIAN_POINT('',(41.125,-37.575,4.));
#4504=CARTESIAN_POINT('Origin',(41.125,-38.075,4.));
#4505=CARTESIAN_POINT('',(41.125,-37.575,4.));
#4506=CARTESIAN_POINT('Origin',(41.125,-37.575,4.));
#4507=CARTESIAN_POINT('',(41.125,-37.575,4.));
#4508=CARTESIAN_POINT('Origin',(73.175,-38.075,4.));
#4509=CARTESIAN_POINT('',(73.675,-38.075,4.));
#4510=CARTESIAN_POINT('',(73.175,-37.575,4.));
#4511=CARTESIAN_POINT('Origin',(73.175,-38.075,4.));
#4512=CARTESIAN_POINT('',(73.675,-38.075,4.));
#4513=CARTESIAN_POINT('',(73.175,-37.575,4.));
#4514=CARTESIAN_POINT('Origin',(73.675,-38.075,4.));
#4515=CARTESIAN_POINT('',(73.675,-51.075,4.));
#4516=CARTESIAN_POINT('',(73.675,-38.075,4.));
#4517=CARTESIAN_POINT('',(73.675,-51.075,4.));
#4518=CARTESIAN_POINT('Origin',(73.175,-51.075,4.));
#4519=CARTESIAN_POINT('',(73.175,-51.575,4.));
#4520=CARTESIAN_POINT('Origin',(73.175,-51.075,4.));
#4521=CARTESIAN_POINT('',(73.175,-51.575,4.));
#4522=CARTESIAN_POINT('Origin',(73.175,-51.575,4.));
#4523=CARTESIAN_POINT('',(60.175,-51.575,4.));
#4524=CARTESIAN_POINT('',(60.175,-51.575,4.));
#4525=CARTESIAN_POINT('',(60.175,-51.575,4.));
#4526=CARTESIAN_POINT('Origin',(60.175,-51.075,4.));
#4527=CARTESIAN_POINT('',(59.675,-51.075,4.));
#4528=CARTESIAN_POINT('Origin',(60.175,-51.075,4.));
#4529=CARTESIAN_POINT('',(59.675,-51.075,4.));
#4530=CARTESIAN_POINT('Origin',(59.675,-51.075,4.));
#4531=CARTESIAN_POINT('',(59.675,-38.075,4.));
#4532=CARTESIAN_POINT('',(59.675,-38.075,4.));
#4533=CARTESIAN_POINT('',(59.675,-38.075,4.));
#4534=CARTESIAN_POINT('Origin',(60.175,-38.075,4.));
#4535=CARTESIAN_POINT('',(60.175,-37.575,4.));
#4536=CARTESIAN_POINT('Origin',(60.175,-38.075,4.));
#4537=CARTESIAN_POINT('',(60.175,-37.575,4.));
#4538=CARTESIAN_POINT('Origin',(60.175,-37.575,4.));
#4539=CARTESIAN_POINT('',(60.175,-37.575,4.));
#4540=CARTESIAN_POINT('Origin',(16.025,-57.125,4.));
#4541=CARTESIAN_POINT('',(16.525,-57.125,4.));
#4542=CARTESIAN_POINT('',(16.025,-56.625,4.));
#4543=CARTESIAN_POINT('Origin',(16.025,-57.125,4.));
#4544=CARTESIAN_POINT('',(16.525,-57.125,4.));
#4545=CARTESIAN_POINT('',(16.025,-56.625,4.));
#4546=CARTESIAN_POINT('Origin',(16.525,-57.125,4.));
#4547=CARTESIAN_POINT('',(16.525,-70.125,4.));
#4548=CARTESIAN_POINT('',(16.525,-57.125,4.));
#4549=CARTESIAN_POINT('',(16.525,-70.125,4.));
#4550=CARTESIAN_POINT('Origin',(16.025,-70.125,4.));
#4551=CARTESIAN_POINT('',(16.025,-70.625,4.));
#4552=CARTESIAN_POINT('Origin',(16.025,-70.125,4.));
#4553=CARTESIAN_POINT('',(16.025,-70.625,4.));
#4554=CARTESIAN_POINT('Origin',(16.025,-70.625,4.));
#4555=CARTESIAN_POINT('',(3.025,-70.625,4.));
#4556=CARTESIAN_POINT('',(3.025,-70.625,4.));
#4557=CARTESIAN_POINT('',(3.025,-70.625,4.));
#4558=CARTESIAN_POINT('Origin',(3.025,-70.125,4.));
#4559=CARTESIAN_POINT('',(2.525,-70.125,4.));
#4560=CARTESIAN_POINT('Origin',(3.025,-70.125,4.));
#4561=CARTESIAN_POINT('',(2.525,-70.125,4.));
#4562=CARTESIAN_POINT('Origin',(2.525,-70.125,4.));
#4563=CARTESIAN_POINT('',(2.525,-57.125,4.));
#4564=CARTESIAN_POINT('',(2.525,-57.125,4.));
#4565=CARTESIAN_POINT('',(2.525,-57.125,4.));
#4566=CARTESIAN_POINT('Origin',(3.025,-57.125,4.));
#4567=CARTESIAN_POINT('',(3.025,-56.625,4.));
#4568=CARTESIAN_POINT('Origin',(3.025,-57.125,4.));
#4569=CARTESIAN_POINT('',(3.025,-56.625,4.));
#4570=CARTESIAN_POINT('Origin',(3.025,-56.625,4.));
#4571=CARTESIAN_POINT('',(3.025,-56.625,4.));
#4572=CARTESIAN_POINT('Origin',(35.075,-57.125,4.));
#4573=CARTESIAN_POINT('',(35.575,-57.125,4.));
#4574=CARTESIAN_POINT('',(35.075,-56.625,4.));
#4575=CARTESIAN_POINT('Origin',(35.075,-57.125,4.));
#4576=CARTESIAN_POINT('',(35.575,-57.125,4.));
#4577=CARTESIAN_POINT('',(35.075,-56.625,4.));
#4578=CARTESIAN_POINT('Origin',(35.575,-57.125,4.));
#4579=CARTESIAN_POINT('',(35.575,-70.125,4.));
#4580=CARTESIAN_POINT('',(35.575,-57.125,4.));
#4581=CARTESIAN_POINT('',(35.575,-70.125,4.));
#4582=CARTESIAN_POINT('Origin',(35.075,-70.125,4.));
#4583=CARTESIAN_POINT('',(35.075,-70.625,4.));
#4584=CARTESIAN_POINT('Origin',(35.075,-70.125,4.));
#4585=CARTESIAN_POINT('',(35.075,-70.625,4.));
#4586=CARTESIAN_POINT('Origin',(35.075,-70.625,4.));
#4587=CARTESIAN_POINT('',(22.075,-70.625,4.));
#4588=CARTESIAN_POINT('',(22.075,-70.625,4.));
#4589=CARTESIAN_POINT('',(22.075,-70.625,4.));
#4590=CARTESIAN_POINT('Origin',(22.075,-70.125,4.));
#4591=CARTESIAN_POINT('',(21.575,-70.125,4.));
#4592=CARTESIAN_POINT('Origin',(22.075,-70.125,4.));
#4593=CARTESIAN_POINT('',(21.575,-70.125,4.));
#4594=CARTESIAN_POINT('Origin',(21.575,-70.125,4.));
#4595=CARTESIAN_POINT('',(21.575,-57.125,4.));
#4596=CARTESIAN_POINT('',(21.575,-57.125,4.));
#4597=CARTESIAN_POINT('',(21.575,-57.125,4.));
#4598=CARTESIAN_POINT('Origin',(22.075,-57.125,4.));
#4599=CARTESIAN_POINT('',(22.075,-56.625,4.));
#4600=CARTESIAN_POINT('Origin',(22.075,-57.125,4.));
#4601=CARTESIAN_POINT('',(22.075,-56.625,4.));
#4602=CARTESIAN_POINT('Origin',(22.075,-56.625,4.));
#4603=CARTESIAN_POINT('',(22.075,-56.625,4.));
#4604=CARTESIAN_POINT('Origin',(54.125,-57.125,4.));
#4605=CARTESIAN_POINT('',(54.625,-57.125,4.));
#4606=CARTESIAN_POINT('',(54.125,-56.625,4.));
#4607=CARTESIAN_POINT('Origin',(54.125,-57.125,4.));
#4608=CARTESIAN_POINT('',(54.625,-57.125,4.));
#4609=CARTESIAN_POINT('',(54.125,-56.625,4.));
#4610=CARTESIAN_POINT('Origin',(54.625,-57.125,4.));
#4611=CARTESIAN_POINT('',(54.625,-70.125,4.));
#4612=CARTESIAN_POINT('',(54.625,-57.125,4.));
#4613=CARTESIAN_POINT('',(54.625,-70.125,4.));
#4614=CARTESIAN_POINT('Origin',(54.125,-70.125,4.));
#4615=CARTESIAN_POINT('',(54.125,-70.625,4.));
#4616=CARTESIAN_POINT('Origin',(54.125,-70.125,4.));
#4617=CARTESIAN_POINT('',(54.125,-70.625,4.));
#4618=CARTESIAN_POINT('Origin',(54.125,-70.625,4.));
#4619=CARTESIAN_POINT('',(41.125,-70.625,4.));
#4620=CARTESIAN_POINT('',(41.125,-70.625,4.));
#4621=CARTESIAN_POINT('',(41.125,-70.625,4.));
#4622=CARTESIAN_POINT('Origin',(41.125,-70.125,4.));
#4623=CARTESIAN_POINT('',(40.625,-70.125,4.));
#4624=CARTESIAN_POINT('Origin',(41.125,-70.125,4.));
#4625=CARTESIAN_POINT('',(40.625,-70.125,4.));
#4626=CARTESIAN_POINT('Origin',(40.625,-70.125,4.));
#4627=CARTESIAN_POINT('',(40.625,-57.125,4.));
#4628=CARTESIAN_POINT('',(40.625,-57.125,4.));
#4629=CARTESIAN_POINT('',(40.625,-57.125,4.));
#4630=CARTESIAN_POINT('Origin',(41.125,-57.125,4.));
#4631=CARTESIAN_POINT('',(41.125,-56.625,4.));
#4632=CARTESIAN_POINT('Origin',(41.125,-57.125,4.));
#4633=CARTESIAN_POINT('',(41.125,-56.625,4.));
#4634=CARTESIAN_POINT('Origin',(41.125,-56.625,4.));
#4635=CARTESIAN_POINT('',(41.125,-56.625,4.));
#4636=CARTESIAN_POINT('Origin',(73.175,-57.125,4.));
#4637=CARTESIAN_POINT('',(73.675,-57.125,4.));
#4638=CARTESIAN_POINT('',(73.175,-56.625,4.));
#4639=CARTESIAN_POINT('Origin',(73.175,-57.125,4.));
#4640=CARTESIAN_POINT('',(73.675,-57.125,4.));
#4641=CARTESIAN_POINT('',(73.175,-56.625,4.));
#4642=CARTESIAN_POINT('Origin',(73.675,-57.125,4.));
#4643=CARTESIAN_POINT('',(73.675,-70.125,4.));
#4644=CARTESIAN_POINT('',(73.675,-57.125,4.));
#4645=CARTESIAN_POINT('',(73.675,-70.125,4.));
#4646=CARTESIAN_POINT('Origin',(73.175,-70.125,4.));
#4647=CARTESIAN_POINT('',(73.175,-70.625,4.));
#4648=CARTESIAN_POINT('Origin',(73.175,-70.125,4.));
#4649=CARTESIAN_POINT('',(73.175,-70.625,4.));
#4650=CARTESIAN_POINT('Origin',(73.175,-70.625,4.));
#4651=CARTESIAN_POINT('',(60.175,-70.625,4.));
#4652=CARTESIAN_POINT('',(60.175,-70.625,4.));
#4653=CARTESIAN_POINT('',(60.175,-70.625,4.));
#4654=CARTESIAN_POINT('Origin',(60.175,-70.125,4.));
#4655=CARTESIAN_POINT('',(59.675,-70.125,4.));
#4656=CARTESIAN_POINT('Origin',(60.175,-70.125,4.));
#4657=CARTESIAN_POINT('',(59.675,-70.125,4.));
#4658=CARTESIAN_POINT('Origin',(59.675,-70.125,4.));
#4659=CARTESIAN_POINT('',(59.675,-57.125,4.));
#4660=CARTESIAN_POINT('',(59.675,-57.125,4.));
#4661=CARTESIAN_POINT('',(59.675,-57.125,4.));
#4662=CARTESIAN_POINT('Origin',(60.175,-57.125,4.));
#4663=CARTESIAN_POINT('',(60.175,-56.625,4.));
#4664=CARTESIAN_POINT('Origin',(60.175,-57.125,4.));
#4665=CARTESIAN_POINT('',(60.175,-56.625,4.));
#4666=CARTESIAN_POINT('Origin',(60.175,-56.625,4.));
#4667=CARTESIAN_POINT('',(60.175,-56.625,4.));
#4668=CARTESIAN_POINT('Origin',(16.025,-76.175,4.));
#4669=CARTESIAN_POINT('',(16.525,-76.175,4.));
#4670=CARTESIAN_POINT('',(16.025,-75.675,4.));
#4671=CARTESIAN_POINT('Origin',(16.025,-76.175,4.));
#4672=CARTESIAN_POINT('',(16.525,-76.175,4.));
#4673=CARTESIAN_POINT('',(16.025,-75.675,4.));
#4674=CARTESIAN_POINT('Origin',(16.525,-76.175,4.));
#4675=CARTESIAN_POINT('',(16.525,-89.175,4.));
#4676=CARTESIAN_POINT('',(16.525,-76.175,4.));
#4677=CARTESIAN_POINT('',(16.525,-89.175,4.));
#4678=CARTESIAN_POINT('Origin',(16.025,-89.175,4.));
#4679=CARTESIAN_POINT('',(16.025,-89.675,4.));
#4680=CARTESIAN_POINT('Origin',(16.025,-89.175,4.));
#4681=CARTESIAN_POINT('',(16.025,-89.675,4.));
#4682=CARTESIAN_POINT('Origin',(16.025,-89.675,4.));
#4683=CARTESIAN_POINT('',(3.025,-89.675,4.));
#4684=CARTESIAN_POINT('',(3.025,-89.675,4.));
#4685=CARTESIAN_POINT('',(3.025,-89.675,4.));
#4686=CARTESIAN_POINT('Origin',(3.025,-89.175,4.));
#4687=CARTESIAN_POINT('',(2.525,-89.175,4.));
#4688=CARTESIAN_POINT('Origin',(3.025,-89.175,4.));
#4689=CARTESIAN_POINT('',(2.525,-89.175,4.));
#4690=CARTESIAN_POINT('Origin',(2.525,-89.175,4.));
#4691=CARTESIAN_POINT('',(2.525,-76.175,4.));
#4692=CARTESIAN_POINT('',(2.525,-76.175,4.));
#4693=CARTESIAN_POINT('',(2.525,-76.175,4.));
#4694=CARTESIAN_POINT('Origin',(3.025,-76.175,4.));
#4695=CARTESIAN_POINT('',(3.025,-75.675,4.));
#4696=CARTESIAN_POINT('Origin',(3.025,-76.175,4.));
#4697=CARTESIAN_POINT('',(3.025,-75.675,4.));
#4698=CARTESIAN_POINT('Origin',(3.025,-75.675,4.));
#4699=CARTESIAN_POINT('',(3.025,-75.675,4.));
#4700=CARTESIAN_POINT('Origin',(35.075,-76.175,4.));
#4701=CARTESIAN_POINT('',(35.575,-76.175,4.));
#4702=CARTESIAN_POINT('',(35.075,-75.675,4.));
#4703=CARTESIAN_POINT('Origin',(35.075,-76.175,4.));
#4704=CARTESIAN_POINT('',(35.575,-76.175,4.));
#4705=CARTESIAN_POINT('',(35.075,-75.675,4.));
#4706=CARTESIAN_POINT('Origin',(35.575,-76.175,4.));
#4707=CARTESIAN_POINT('',(35.575,-89.175,4.));
#4708=CARTESIAN_POINT('',(35.575,-76.175,4.));
#4709=CARTESIAN_POINT('',(35.575,-89.175,4.));
#4710=CARTESIAN_POINT('Origin',(35.075,-89.175,4.));
#4711=CARTESIAN_POINT('',(35.075,-89.675,4.));
#4712=CARTESIAN_POINT('Origin',(35.075,-89.175,4.));
#4713=CARTESIAN_POINT('',(35.075,-89.675,4.));
#4714=CARTESIAN_POINT('Origin',(35.075,-89.675,4.));
#4715=CARTESIAN_POINT('',(22.075,-89.675,4.));
#4716=CARTESIAN_POINT('',(22.075,-89.675,4.));
#4717=CARTESIAN_POINT('',(22.075,-89.675,4.));
#4718=CARTESIAN_POINT('Origin',(22.075,-89.175,4.));
#4719=CARTESIAN_POINT('',(21.575,-89.175,4.));
#4720=CARTESIAN_POINT('Origin',(22.075,-89.175,4.));
#4721=CARTESIAN_POINT('',(21.575,-89.175,4.));
#4722=CARTESIAN_POINT('Origin',(21.575,-89.175,4.));
#4723=CARTESIAN_POINT('',(21.575,-76.175,4.));
#4724=CARTESIAN_POINT('',(21.575,-76.175,4.));
#4725=CARTESIAN_POINT('',(21.575,-76.175,4.));
#4726=CARTESIAN_POINT('Origin',(22.075,-76.175,4.));
#4727=CARTESIAN_POINT('',(22.075,-75.675,4.));
#4728=CARTESIAN_POINT('Origin',(22.075,-76.175,4.));
#4729=CARTESIAN_POINT('',(22.075,-75.675,4.));
#4730=CARTESIAN_POINT('Origin',(22.075,-75.675,4.));
#4731=CARTESIAN_POINT('',(22.075,-75.675,4.));
#4732=CARTESIAN_POINT('Origin',(54.125,-76.175,4.));
#4733=CARTESIAN_POINT('',(54.625,-76.175,4.));
#4734=CARTESIAN_POINT('',(54.125,-75.675,4.));
#4735=CARTESIAN_POINT('Origin',(54.125,-76.175,4.));
#4736=CARTESIAN_POINT('',(54.625,-76.175,4.));
#4737=CARTESIAN_POINT('',(54.125,-75.675,4.));
#4738=CARTESIAN_POINT('Origin',(54.625,-76.175,4.));
#4739=CARTESIAN_POINT('',(54.625,-89.175,4.));
#4740=CARTESIAN_POINT('',(54.625,-76.175,4.));
#4741=CARTESIAN_POINT('',(54.625,-89.175,4.));
#4742=CARTESIAN_POINT('Origin',(54.125,-89.175,4.));
#4743=CARTESIAN_POINT('',(54.125,-89.675,4.));
#4744=CARTESIAN_POINT('Origin',(54.125,-89.175,4.));
#4745=CARTESIAN_POINT('',(54.125,-89.675,4.));
#4746=CARTESIAN_POINT('Origin',(54.125,-89.675,4.));
#4747=CARTESIAN_POINT('',(41.125,-89.675,4.));
#4748=CARTESIAN_POINT('',(41.125,-89.675,4.));
#4749=CARTESIAN_POINT('',(41.125,-89.675,4.));
#4750=CARTESIAN_POINT('Origin',(41.125,-89.175,4.));
#4751=CARTESIAN_POINT('',(40.625,-89.175,4.));
#4752=CARTESIAN_POINT('Origin',(41.125,-89.175,4.));
#4753=CARTESIAN_POINT('',(40.625,-89.175,4.));
#4754=CARTESIAN_POINT('Origin',(40.625,-89.175,4.));
#4755=CARTESIAN_POINT('',(40.625,-76.175,4.));
#4756=CARTESIAN_POINT('',(40.625,-76.175,4.));
#4757=CARTESIAN_POINT('',(40.625,-76.175,4.));
#4758=CARTESIAN_POINT('Origin',(41.125,-76.175,4.));
#4759=CARTESIAN_POINT('',(41.125,-75.675,4.));
#4760=CARTESIAN_POINT('Origin',(41.125,-76.175,4.));
#4761=CARTESIAN_POINT('',(41.125,-75.675,4.));
#4762=CARTESIAN_POINT('Origin',(41.125,-75.675,4.));
#4763=CARTESIAN_POINT('',(41.125,-75.675,4.));
#4764=CARTESIAN_POINT('Origin',(73.175,-76.175,4.));
#4765=CARTESIAN_POINT('',(73.675,-76.175,4.));
#4766=CARTESIAN_POINT('',(73.175,-75.675,4.));
#4767=CARTESIAN_POINT('Origin',(73.175,-76.175,4.));
#4768=CARTESIAN_POINT('',(73.675,-76.175,4.));
#4769=CARTESIAN_POINT('',(73.175,-75.675,4.));
#4770=CARTESIAN_POINT('Origin',(73.675,-76.175,4.));
#4771=CARTESIAN_POINT('',(73.675,-89.175,4.));
#4772=CARTESIAN_POINT('',(73.675,-76.175,4.));
#4773=CARTESIAN_POINT('',(73.675,-89.175,4.));
#4774=CARTESIAN_POINT('Origin',(73.175,-89.175,4.));
#4775=CARTESIAN_POINT('',(73.175,-89.675,4.));
#4776=CARTESIAN_POINT('Origin',(73.175,-89.175,4.));
#4777=CARTESIAN_POINT('',(73.175,-89.675,4.));
#4778=CARTESIAN_POINT('Origin',(73.175,-89.675,4.));
#4779=CARTESIAN_POINT('',(60.175,-89.675,4.));
#4780=CARTESIAN_POINT('',(60.175,-89.675,4.));
#4781=CARTESIAN_POINT('',(60.175,-89.675,4.));
#4782=CARTESIAN_POINT('Origin',(60.175,-89.175,4.));
#4783=CARTESIAN_POINT('',(59.675,-89.175,4.));
#4784=CARTESIAN_POINT('Origin',(60.175,-89.175,4.));
#4785=CARTESIAN_POINT('',(59.675,-89.175,4.));
#4786=CARTESIAN_POINT('Origin',(59.675,-89.175,4.));
#4787=CARTESIAN_POINT('',(59.675,-76.175,4.));
#4788=CARTESIAN_POINT('',(59.675,-76.175,4.));
#4789=CARTESIAN_POINT('',(59.675,-76.175,4.));
#4790=CARTESIAN_POINT('Origin',(60.175,-76.175,4.));
#4791=CARTESIAN_POINT('',(60.175,-75.675,4.));
#4792=CARTESIAN_POINT('Origin',(60.175,-76.175,4.));
#4793=CARTESIAN_POINT('',(60.175,-75.675,4.));
#4794=CARTESIAN_POINT('Origin',(60.175,-75.675,4.));
#4795=CARTESIAN_POINT('',(60.175,-75.675,4.));
#4796=CARTESIAN_POINT('Origin',(-10.2001602188561,3.77604729706604E-7,4.));
#4797=CARTESIAN_POINT('',(-10.2001602188561,-9.79999962239527,4.));
#4798=CARTESIAN_POINT('',(-10.2001602188561,-9.79999962239526,4.));
#4799=CARTESIAN_POINT('',(-10.2001602188561,-97.4000518000267,4.));
#4800=CARTESIAN_POINT('',(-10.2001602188561,-102.400051800027,4.));
#4801=CARTESIAN_POINT('',(-10.2001602188561,-97.4000518000267,4.));
#4802=CARTESIAN_POINT('Origin',(-5.20016021885607,-97.4000518000267,4.));
#4803=CARTESIAN_POINT('',(-5.20016021885606,-102.400051800027,4.));
#4804=CARTESIAN_POINT('Origin',(-5.20016021885607,-97.4000518000267,4.));
#4805=CARTESIAN_POINT('',(-5.20016021885607,-102.400051800027,4.));
#4806=CARTESIAN_POINT('Origin',(-10.2001602188561,-102.400051800027,4.));
#4807=CARTESIAN_POINT('',(81.3999962622088,-102.400051800027,4.));
#4808=CARTESIAN_POINT('',(86.3999962622088,-102.400051800027,4.));
#4809=CARTESIAN_POINT('',(81.3999962622088,-102.400051800027,4.));
#4810=CARTESIAN_POINT('Origin',(81.3999962622088,-97.4000518000267,4.));
#4811=CARTESIAN_POINT('',(86.3999962622088,-97.4000518000266,4.));
#4812=CARTESIAN_POINT('Origin',(81.3999962622088,-97.4000518000267,4.));
#4813=CARTESIAN_POINT('',(86.3999962622088,-97.4000518000267,4.));
#4814=CARTESIAN_POINT('Origin',(86.3999962622088,-102.400051800027,4.));
#4815=CARTESIAN_POINT('',(86.3999962622088,-9.79999962239527,4.));
#4816=CARTESIAN_POINT('',(86.3999962622088,-9.79999962239527,4.));
#4817=CARTESIAN_POINT('',(86.3999962622088,3.77604738588388E-7,4.));
#4818=CARTESIAN_POINT('Origin',(81.3999962622088,-9.79999962239527,4.));
#4819=CARTESIAN_POINT('',(81.3999962622088,-4.79999962239527,4.));
#4820=CARTESIAN_POINT('Origin',(81.3999962622088,-9.79999962239527,4.));
#4821=CARTESIAN_POINT('',(81.3999962622088,-4.79999962239526,4.));
#4822=CARTESIAN_POINT('Origin',(-10.2001602188561,-4.79999962239526,4.));
#4823=CARTESIAN_POINT('',(-5.20016021885607,-4.79999962239527,4.));
#4824=CARTESIAN_POINT('',(-5.20016021885607,-4.79999962239526,4.));
#4825=CARTESIAN_POINT('',(13.9498789014101,-4.79999962239527,4.));
#4826=CARTESIAN_POINT('Origin',(-5.20016021885607,-9.79999962239526,4.));
#4827=CARTESIAN_POINT('Origin',(-5.20016021885607,-9.79999962239526,4.));
#4828=CARTESIAN_POINT('Origin',(38.0999180216764,-51.200025711211,4.));
#4829=CARTESIAN_POINT('',(79.050366610738,-97.39978904105,4.));
#4830=CARTESIAN_POINT('Origin',(81.400366610738,-97.39978904105,4.));
#4831=CARTESIAN_POINT('Origin',(81.400366610738,-97.39978904105,4.));
#4832=CARTESIAN_POINT('',(79.050366610738,-97.39978904105,8.));
#4833=CARTESIAN_POINT('',(79.050366610738,-97.39978904105,4.));
#4834=CARTESIAN_POINT('Origin',(81.400366610738,-97.39978904105,8.));
#4835=CARTESIAN_POINT('Origin',(38.0999180216764,-53.600025711211,10.));
#4836=CARTESIAN_POINT('Origin',(38.0999180216764,-53.600025711211,8.));
#4837=UNCERTAINTY_MEASURE_WITH_UNIT(LENGTH_MEASURE(0.01),#4841,
'DISTANCE_ACCURACY_VALUE',
'Maximum model space distance between geometric entities at asserted c
onnectivities');
#4838=UNCERTAINTY_MEASURE_WITH_UNIT(LENGTH_MEASURE(0.01),#4841,
'DISTANCE_ACCURACY_VALUE',
'Maximum model space distance between geometric entities at asserted c
onnectivities');
#4839=(
GEOMETRIC_REPRESENTATION_CONTEXT(3)
GLOBAL_UNCERTAINTY_ASSIGNED_CONTEXT((#4837))
GLOBAL_UNIT_ASSIGNED_CONTEXT((#4841,#4843,#4844))
REPRESENTATION_CONTEXT('','3D')
);
#4840=(
GEOMETRIC_REPRESENTATION_CONTEXT(3)
GLOBAL_UNCERTAINTY_ASSIGNED_CONTEXT((#4838))
GLOBAL_UNIT_ASSIGNED_CONTEXT((#4841,#4843,#4844))
REPRESENTATION_CONTEXT('','3D')
);
#4841=(
LENGTH_UNIT()
NAMED_UNIT(*)
SI_UNIT(.MILLI.,.METRE.)
);
#4842=(
LENGTH_UNIT()
NAMED_UNIT(*)
SI_UNIT($,.METRE.)
);
#4843=(
NAMED_UNIT(*)
PLANE_ANGLE_UNIT()
SI_UNIT($,.RADIAN.)
);
#4844=(
NAMED_UNIT(*)
SI_UNIT($,.STERADIAN.)
SOLID_ANGLE_UNIT()
);
#4845=SHAPE_DEFINITION_REPRESENTATION(#4846,#4847);
#4846=PRODUCT_DEFINITION_SHAPE('',$,#4849);
#4847=SHAPE_REPRESENTATION('',(#2872),#4839);
#4848=PRODUCT_DEFINITION_CONTEXT('part definition',#4853,'design');
#4849=PRODUCT_DEFINITION('2026-09-23-00-25-07-363','top',#4850,#4848);
#4850=PRODUCT_DEFINITION_FORMATION('',$,#4855);
#4851=PRODUCT_RELATED_PRODUCT_CATEGORY('top','top',(#4855));
#4852=APPLICATION_PROTOCOL_DEFINITION('international standard',
'automotive_design',2009,#4853);
#4853=APPLICATION_CONTEXT(
'Core Data for Automotive Mechanical Design Process');
#4854=PRODUCT_CONTEXT('part definition',#4853,'mechanical');
#4855=PRODUCT('2026-09-23-00-25-07-363','top',$,(#4854));
#4856=PRESENTATION_STYLE_ASSIGNMENT((#4857));
#4857=SURFACE_STYLE_USAGE(.BOTH.,#4858);
#4858=SURFACE_SIDE_STYLE('',(#4859));
#4859=SURFACE_STYLE_FILL_AREA(#4860);
#4860=FILL_AREA_STYLE('ABS (Black)',(#4861));
#4861=FILL_AREA_STYLE_COLOUR('ABS (Black)',#4862);
#4862=COLOUR_RGB('ABS (Black)',0.,0.,0.);
ENDSEC;
END-ISO-10303-21;
